Manufacturer,Model,Year,Condition,Fuel Type,Price,Mileage,Average Price (0-20k km),Average Price (20k-50k km),Average Price (50k-100k km),Average Price (100k+ km)
Audi,A3 Sedan,2024.0,,Hybrid,18500000,10000,18500000,,,
Audi,A3 Sedan TFSI Advanced,2024.0,,Hybrid,18500000,10000,18500000,,,
Audi,A3 Sportback S-Line,2023.0,,Hybrid,16500000,10000,16500000,,,
BMW,530e M Sport Brand,2025.0,New,Hybrid,62000000,10,62000000,,,
BMW,530e M-Sport,2025.0,,Hybrid,65000000,0,65000000,,,
BMW,X1 20i M Sport,2025.0,,Hybrid,38000000,3000,38000000,,,
BMW,X1 20i M Sport DCT,2025.0,,Hybrid,42500000,10,42500000,,,
BMW,X5 eDrive M-Sport,2025.0,,Hybrid,114000000,0,114000000,,,
BMW,X5 eDrive plugin,2025.0,,Hybrid,95000000,10,95000000,,,
BMW,520i M sport Pro,2024.0,,Hybrid,58000000,3000,58000000,,,
BMW,X7 40D M sport,2024.0,,Hybrid,120000000,2000,120000000,,,
BMW,530e G30,2019.0,,Hybrid,31900000,115000,,,,31900000
BMW,i8 Roadster,2019.0,,Hybrid,44500000,14000,44500000,,,
BMW,530e,2018.0,,Hybrid,33000000,61000,,30000000,33000000,
BMW,530e M Sport,2018.0,,Hybrid,31500000,67000,,,31500000,
BMW,530e M Sport Individual,2018.0,,Hybrid,31000000,93000,,,31000000,
BMW,530e i Performance -G30,2018.0,,Hybrid,33750000,10850,33750000,,,
BMW,740Le,2018.0,,Hybrid,48000000,85000,,,48000000,
BMW,X5 eDrive M Sport,2018.0,,Hybrid,33500000,67000,,,33500000,
BMW,530e Individual M Sport,2017.0,,Hybrid,33500000,40000,,33500000,,
BMW,740Le G12,2017.0,,Hybrid,40000000,83479,,,40000000,
BMW,740Le M sport,2017.0,,Hybrid,43500000,50000,,43500000,43500000,
BMW,740e M Sport,2017.0,,Hybrid,39000000,102000,,,,39000000
BMW,X5 eDrive E40 MSport,2017.0,,Hybrid,28900000,68000,,,28900000,
BMW,X5 eDrive Full Option,2017.0,,Hybrid,31000000,59000,,,31000000,
BMW,740Le (LONG WHEEL BASE),2016.0,,Hybrid,49800000,40000,,49800000,,
BMW,740Le comfort plus,2016.0,,Hybrid,43850000,43000,,43850000,,
BMW,X5,2016.0,,Hybrid,30500000,62800,,,29000000,
BMW,X5 eDrive,2016.0,,Hybrid,28500000,106000,,,,28500000
BMW,X5 eDrive 40E EM Sport,2016.0,,Hybrid,29000000,82000,,,29000000,
BMW,i8,2016.0,,Hybrid,31500000,35000,,31500000,,
BMW,X5 M sport,2015.0,,Hybrid,27500000,78000,,,27500000,
BMW,X5 M-Sport,2015.0,,Hybrid,3500000,108500,,,,3500000
BMW,ActiveHybrid 7,2013.0,,Hybrid,29500000,65000,,,29500000,
BMW,535i active 5,2012.0,,Hybrid,22000000,120000,,,,22000000
BYD,Sealion 6,2025.0,,Hybrid,23850000,0,23768000,,,
Daihatsu,Rocky Fully Loaded,2025.0,,Hybrid,15600000,25,15600000,,,
Daihatsu,Rocky G premium,2025.0,,Hybrid,14300000,0,14750000,,,
Daihatsu,Rocky Premium G,2025.0,,Hybrid,15650000,0,15650000,,,
Daihatsu,Rocky Premium G HEV,2025.0,,Hybrid,14595000,12000,14595000,14800000,,
Daihatsu,Rocky G Premium,2024.0,,Hybrid,15250000,9000,15250000,,,
Daihatsu,Rocky,2023.0,,Hybrid,14000000,34220,14375000,13933333,,
Daihatsu,Rocky G premium,2023.0,,Hybrid,15200000,6000,14750000,,,
Daihatsu,Rocky PREMIUM G,2023.0,,Hybrid,15200000,13500,15200000,,,
Daihatsu,Rocky Premium G HEV,2023.0,,Hybrid,14800000,35700,14595000,14800000,,
Daihatsu,Rocky e Smart,2023.0,,Hybrid,15200000,6500,15200000,,,
Daihatsu,Taft,2023.0,,Hybrid,8875000,5606,8875000,,,
Daihatsu,Taft X,2023.0,,Hybrid,8750000,10000,8750000,,,
Daihatsu,Rocky,2022.0,,Hybrid,14375000,19000,14375000,13933333,,
Daihatsu,Mira LA350 X Grade,2018.0,,Hybrid,6180000,114000,,,,6180000
Honda,City RS,2025.0,,Hybrid,14975000,0,14975000,,,
Honda,Fit GP3 RS,2025.0,,Hybrid,14800000,1000,14800000,,,
Honda,N-Box Custom Sensing,2025.0,,Hybrid,10350000,650,9967500,,,
Honda,Vezel,2025.0,,Hybrid,20200000,55,20925000,18800000,12875000,11487200
Honda,Vezel Brand,2025.0,New,Hybrid,19800000,0,20800000,,,
Honda,Vezel E Hev Z,2025.0,,Hybrid,18500000,5,18500000,,,
Honda,Vezel HEV Z,2025.0,,Hybrid,20400000,500,20400000,,,
Honda,Vezel RV5 Z GRADE,2025.0,,Hybrid,21450000,0,21450000,,,
Honda,Vezel RV5 Z PLAY PACKAGE,2025.0,,Hybrid,24950000,0,25150000,,,
Honda,Vezel X GRADE BRAND,2025.0,NEW,Hybrid,18990000,0,18990000,,,
Honda,Vezel X Grade,2025.0,,Hybrid,18500000,15,17697143,16990000,,9670000
Honda,Vezel X HUNT,2025.0,,Hybrid,19750000,0,19750000,,,
Honda,Vezel X HUNT BRAND,2025.0,NEW,Hybrid,19590000,24,19190000,,,
Honda,Vezel X Hunt,2025.0,,Hybrid,18250000,50,19381667,,,
Honda,Vezel X Hunt Brand,2025.0,New,Hybrid,18950000,0,18970000,,,
Honda,Vezel X eHev,2025.0,,Hybrid,19300000,289,19300000,,,
Honda,Vezel Z,2025.0,,Hybrid,21000000,144,20535429,19300000,15500000,10345000
Honda,Vezel Z - Apple Car Play,2025.0,,Hybrid,21200000,0,21200000,,,
Honda,Vezel Z - Sunlight Pearl,2025.0,,Hybrid,21300000,20,21300000,,,
Honda,Vezel Z 10 Speakers/4 Way,2025.0,,Hybrid,22600000,0,22600000,,,
Honda,Vezel Z 4 Way Camera,2025.0,,Hybrid,20800000,0,20800000,,,
Honda,Vezel Z Bodykit,2025.0,,Hybrid,21850000,0,21850000,,,
Honda,Vezel Z Brand,2025.0,New,Hybrid,20200000,0,20530000,,,
Honda,Vezel Z Full Spec,2025.0,,Hybrid,22000000,0,20950000,,,
Honda,Vezel Z GRADE,2025.0,,Hybrid,21790000,18,20725714,20550000,,
Honda,Vezel Z GRADE B/NEW,2025.0,,Hybrid,20300000,0,20300000,,,
Honda,Vezel Z GRADE BRAND,2025.0,NEW,Hybrid,20390000,0,20676667,,,
Honda,Vezel Z GRADE ice white,2025.0,,Hybrid,21500000,7,21500000,,,
Honda,Vezel Z Grade,2025.0,,Hybrid,20350000,0,20313396,18937500,,10980000
Honda,Vezel Z Grade (Brand New),2025.0,,Hybrid,19900000,0,19900000,,,
Honda,Vezel Z Grade B/NEW,2025.0,,Hybrid,20500000,0,20500000,,,
Honda,Vezel Z Grade Brand,2025.0,New,Hybrid,20500000,0,20500000,,,
Honda,Vezel Z Grade Premium,2025.0,,Hybrid,21000000,0,21116667,,,
Honda,Vezel Z Grade with 4way,2025.0,,Hybrid,21200000,35,21200000,,,
Honda,Vezel Z Gread Zero millage,2025.0,,Hybrid,19900000,36,19900000,,,
Honda,Vezel Z NAVI PREMIUM,2025.0,,Hybrid,21000000,294,21000000,,,
Honda,Vezel Z Navi Package,2025.0,,Hybrid,21000000,0,21000000,,,
Honda,Vezel Z O MILEAGE,2025.0,,Hybrid,20590000,0,20590000,,,
Honda,Vezel Z PACKAGE,2025.0,,Hybrid,21950000,0,21250000,,,
Honda,Vezel Z PKG,2025.0,,Hybrid,20850000,0,20083333,,,
Honda,Vezel Z PLAY,2025.0,,Hybrid,23090000,0,22930000,,,
Honda,Vezel Z PLAY 10SP Moonroof,2025.0,,Hybrid,24000000,0,24000000,,,
Honda,Vezel Z PLAY B/NEW,2025.0,,Hybrid,22500000,0,22500000,,,
Honda,Vezel Z PLAY BRAND,2025.0,NEW,Hybrid,21990000,0,21990000,,,
Honda,Vezel Z PLAY E HEV,2025.0,,Hybrid,23600000,0,23600000,,,
Honda,Vezel Z PLAY MOON ROOF,2025.0,,Hybrid,23900000,0,23400000,,,
Honda,Vezel Z PLAY MOONROOF,2025.0,,Hybrid,24000000,0,23730000,,,
Honda,Vezel Z PLAY PACKAGE,2025.0,,Hybrid,24950000,0,23725000,,,
Honda,Vezel Z PLAY PREMIUM BN,2025.0,,Hybrid,24750000,0,24750000,,,
Honda,Vezel Z PREMIUM B/NEW,2025.0,,Hybrid,20900000,0,20900000,,,
Honda,Vezel Z PREMIUM PKG,2025.0,,Hybrid,21500000,0,21500000,,,
Honda,Vezel Z Package,2025.0,,Hybrid,20700000,0,20391667,18700000,,11000000
Honda,Vezel Z Play,2025.0,,Hybrid,22250000,0,22792500,21600000,,
Honda,Vezel Z Play (Moonroof),2025.0,,Hybrid,25000000,0,25000000,,,
Honda,Vezel Z Play Grade,2025.0,,Hybrid,25000000,200,25000000,,,
Honda,Vezel Z Play M/R,2025.0,,Hybrid,23950000,271,23950000,,,
Honda,Vezel Z Play MOONROOF B/NW,2025.0,,Hybrid,24875000,10,24875000,,,
Honda,Vezel Z Play Moon Roof,2025.0,,Hybrid,24200000,0,21145000,,,
Honda,Vezel Z Play MoonRoof,2025.0,,Hybrid,25000000,117,25000000,,,
Honda,Vezel Z Play Moonroof,2025.0,,Hybrid,24500000,235,23149000,,,
Honda,Vezel Z Play Moonroof S/S,2025.0,,Hybrid,24250000,200,24250000,,,
Honda,Vezel Z Play New Edition,2025.0,,Hybrid,23300000,0,23300000,,,
Honda,Vezel Z Play Premium,2025.0,,Hybrid,23500000,0,23500000,,,
Honda,Vezel Z Playe Pack,2025.0,,Hybrid,24590000,270,24590000,,,
Honda,Vezel Z Premium,2025.0,,Hybrid,20400000,5,21059355,20072500,,
Honda,Vezel Z Premium 10Spkr,2025.0,,Hybrid,21850000,0,21850000,,,
Honda,Vezel Z Premium B/N,2025.0,,Hybrid,20650000,0,20650000,,,
Honda,Vezel Z Premium Package,2025.0,,Hybrid,21250000,0,21616667,,,
Honda,Vezel Z Premium Plus,2025.0,,Hybrid,21490000,5,21490000,,,
Honda,Vezel Z Premium Sunlight,2025.0,,Hybrid,22100000,0,22100000,,,
Honda,Vezel Z Premium Wireless,2025.0,,Hybrid,20500000,3,20500000,,,
Honda,Vezel Z aple play cahrger,2025.0,,Hybrid,20790000,120,20790000,,,
Honda,Vezel Z apple player chagr,2025.0,,Hybrid,20850000,125,20850000,,,
Honda,Vezel Z grade,2025.0,,Hybrid,21100000,0,20175000,,,
Honda,Vezel Z grade Apple Player,2025.0,,Hybrid,20875000,210,20875000,,,
Honda,Vezel Z grade premium,2025.0,,Hybrid,21750000,0,21750000,,,
Honda,Vezel Z grade zero Milage,2025.0,,Hybrid,20975000,30,20975000,,,
Honda,Vezel Z play Soound system,2025.0,,Hybrid,23950000,180,23950000,,,
Honda,Vezel Z premium,2025.0,,Hybrid,21800000,0,21800000,,,
Honda,Vezel Z premium Apple play,2025.0,,Hybrid,20850000,233,20850000,,,
Honda,Vezel Z wireless charger,2025.0,,Hybrid,22500000,0,22500000,,,
Honda,Vezel Z-GRADE,2025.0,,Hybrid,20950000,0,20950000,,,
Honda,Vezel Z-Package,2025.0,,Hybrid,20000000,0,20000000,,,
Honda,Vezel ZPlay Moonroof,2025.0,,Hybrid,24950000,100,24950000,,,
Honda,Vezel e:HEV Z,2025.0,,Hybrid,22800000,0,22800000,,,
Honda,Vezel premium,2025.0,,Hybrid,21650000,0,21650000,,,
Honda,Vezel z grade,2025.0,,Hybrid,21200000,7,19900000,19500000,,
Honda,Vezel z play,2025.0,,Hybrid,24200000,0,22700000,,,
Honda,Vezel z play sunroof,2025.0,,Hybrid,24000000,5,24000000,,,
Honda,Fit RS GP3,2024.0,,Hybrid,14000000,1000,14000000,,,
Honda,Fit RS ehev,2024.0,,Hybrid,15975000,824,15975000,,,
Honda,N-Box,2024.0,,Hybrid,8950000,1200,8950000,,,
Honda,N-Box Custom,2024.0,,Hybrid,10500000,0,9725000,,,
Honda,N-Box Custom Sensing,2024.0,,Hybrid,9585000,10600,9967500,,,
Honda,Vezel,2024.0,,Hybrid,20300000,12000,20925000,18800000,12875000,11487200
Honda,Vezel X,2024.0,,Hybrid,20500000,0,19140000,,,9950000
Honda,Vezel X Grade,2024.0,,Hybrid,17490000,8000,17697143,16990000,,9670000
Honda,Vezel X HUNT BRAND,2024.0,NEW,Hybrid,18790000,0,19190000,,,
Honda,Vezel X Hund,2024.0,Unregistered,Hybrid,1950000,41,1950000,,,
Honda,Vezel X Hunt,2024.0,,Hybrid,20500000,0,19381667,,,
Honda,Vezel Z,2024.0,,Hybrid,20450000,0,20535429,19300000,15500000,10345000
Honda,Vezel Z - Premium,2024.0,,Hybrid,21450000,9400,21450000,,,
Honda,Vezel Z 04 Way Camera,2024.0,,Hybrid,19950000,2000,19950000,,,
Honda,Vezel Z Black,2024.0,,Hybrid,17500000,5000,17500000,,,10490000
Honda,Vezel Z GRADE,2024.0,,Hybrid,20400000,8000,20725714,20550000,,
Honda,Vezel Z Grade,2024.0,,Hybrid,19250000,3000,20313396,18937500,,10980000
Honda,Vezel Z Grade Premium,2024.0,,Hybrid,21750000,5300,21116667,,,
Honda,Vezel Z Grade Warranty,2024.0,,Hybrid,19850000,8000,19850000,,,
Honda,Vezel Z Mugen,2024.0,,Hybrid,19900000,15000,19900000,,,
Honda,Vezel Z PKG,2024.0,,Hybrid,19600000,0,20083333,,,
Honda,Vezel Z PLAY,2024.0,,Hybrid,21300000,16500,22930000,,,
Honda,Vezel Z PLAY MOON ROOF,2024.0,,Hybrid,22900000,3300,23400000,,,
Honda,Vezel Z PLAY MOONROOF,2024.0,,Hybrid,22900000,14500,23730000,,,
Honda,Vezel Z PLAY PACKAGE,2024.0,,Hybrid,24350000,4000,23725000,,,
Honda,Vezel Z PLAY SUNROOF 360â°,2024.0,,Hybrid,24850000,18,24850000,,,
Honda,Vezel Z Play,2024.0,,Hybrid,21950000,6800,22792500,21600000,,
Honda,Vezel Z Play Moon Roof,2024.0,,Hybrid,22800000,0,21145000,,,
Honda,Vezel Z Play Moonroof,2024.0,,Hybrid,22190000,12000,23149000,,,
Honda,Vezel Z Play Package,2024.0,,Hybrid,24000000,0,24000000,,,
Honda,Vezel Z Play moonroof,2024.0,,Hybrid,23900000,3650,23900000,,,
Honda,Vezel Z Play. Premium,2024.0,,Hybrid,23000000,7000,23000000,,,
Honda,Vezel Z Playe,2024.0,,Hybrid,22475000,2000,22475000,,,
Honda,Vezel Z Premium,2024.0,,Hybrid,20700000,12000,21059355,20072500,,
Honda,Vezel Z Premium 10spk/4way,2024.0,,Hybrid,20700000,2381,20700000,,,
Honda,Vezel Z Premium Grade,2024.0,,Hybrid,20300000,7000,20300000,,,
Honda,Vezel Z Premium Plus Edit,2024.0,,Hybrid,23400000,2500,23400000,,,
Honda,Vezel Z play pkg,2024.0,,Hybrid,24000000,6800,24000000,,,
Honda,Vezel Z-PLAY,2024.0,,Hybrid,23990000,9000,23990000,,,
Honda,Vezel x premium,2024.0,,Hybrid,17995000,13900,17995000,,,
Honda,Vezel z Grade,2024.0,,Hybrid,19500000,3000,19500000,,,
Honda,Vezel z play 2WD,2024.0,,Hybrid,22500000,12000,22500000,,,
Honda,Fit RS,2023.0,,Hybrid,15800000,0,15800000,,,
Honda,Fit Shuttle,2023.0,,Hybrid,17000000,30000,,17000000,12075000,9387500
Honda,Vezel,2023.0,,Hybrid,19700000,15000,20925000,18800000,12875000,11487200
Honda,Vezel -Z,2023.0,,Hybrid,18625000,16000,18855000,,,
Honda,Vezel Ivory Interior,2023.0,,Hybrid,19500000,10000,19500000,,,
Honda,Vezel X,2023.0,,Hybrid,18900000,8000,19140000,,,9950000
Honda,Vezel X Grade,2023.0,,Hybrid,16950000,17300,17697143,16990000,,9670000
Honda,Vezel X Model,2023.0,,Hybrid,17500000,17000,17500000,,,
Honda,Vezel Z,2023.0,,Hybrid,19800000,9000,20535429,19300000,15500000,10345000
Honda,Vezel Z - Premium Options,2023.0,,Hybrid,20500000,300,20500000,,,
Honda,Vezel Z Car Play,2023.0,,Hybrid,19290000,33000,,19290000,,
Honda,Vezel Z Full Spec,2023.0,,Hybrid,19900000,14000,20950000,,,
Honda,Vezel Z Fully Loaded,2023.0,,Hybrid,19450000,7200,19450000,,,
Honda,Vezel Z GRADE,2023.0,,Hybrid,20550000,28000,20725714,20550000,,
Honda,Vezel Z Grade,2023.0,,Hybrid,19375000,37000,20313396,18937500,,10980000
Honda,Vezel Z Grade Wireless FL,2023.0,,Hybrid,22000000,0,22000000,,,
Honda,Vezel Z PACKAGE,2023.0,,Hybrid,20550000,14000,21250000,,,
Honda,Vezel Z PLAY FULL OPTION,2023.0,,Hybrid,23750000,16810,23750000,,,
Honda,Vezel Z PLAY PREMIUM PLUS,2023.0,,Hybrid,21850000,12600,21850000,,,
Honda,Vezel Z PREMIUM,2023.0,,Hybrid,19975000,900,19975000,,,
Honda,Vezel Z Package,2023.0,,Hybrid,18700000,28000,20391667,18700000,,11000000
Honda,Vezel Z Play,2023.0,,Hybrid,21800000,25000,22792500,21600000,,
Honda,Vezel Z Play 10SP M/R 4WAY,2023.0,,Hybrid,22500000,5000,22500000,,,
Honda,Vezel Z Play Apple Player,2023.0,,Hybrid,21800000,5600,21800000,,,
Honda,Vezel Z Play Moon Roof,2023.0,,Hybrid,22700000,9000,21145000,,,
Honda,Vezel Z Play Moonroof,2023.0,,Hybrid,22450000,5000,23149000,,,
Honda,Vezel Z Play Sound System,2023.0,,Hybrid,19900000,18000,19900000,,,
Honda,Vezel Z Premium,2023.0,,Hybrid,19500000,14000,21059355,20072500,,
Honda,Vezel Z Premium (Basic),2023.0,,Hybrid,20390000,5000,20390000,,,
Honda,Vezel Z Premium Fully Load,2023.0,,Hybrid,19500000,15000,19500000,,,
Honda,Vezel Z Premium Package,2023.0,,Hybrid,21800000,12000,21616667,,,
Honda,Vezel Z Premium Special,2023.0,,Hybrid,19500000,12000,19500000,,,
Honda,Vezel Z Wireless Charge,2023.0,,Hybrid,19200000,20000,19200000,19200000,,
Honda,Vezel Z apple player charg,2023.0,,Hybrid,19400000,8100,19400000,,,
Honda,Vezel Z grade,2023.0,,Hybrid,19250000,19500,20175000,,,
Honda,Vezel Z play,2023.0,,Hybrid,21975000,17000,21812500,22950000,,
Honda,Vezel Z play 10AP M/R 4WAY,2023.0,,Hybrid,22300000,5000,22300000,,,
Honda,Vezel Z premium with apple,2023.0,,Hybrid,19800000,12500,19800000,,,
Honda,Vezel Z unregister,2023.0,,Hybrid,19300000,19580,19300000,,,
Honda,Vezel body kit,2023.0,,Hybrid,19500000000,15000,19500000000,,,
Honda,Vezel eHVE-Z,2023.0,,Hybrid,19500000,15500,19500000,,,
Honda,Vezel z Primium,2023.0,,Hybrid,20700000,0,20700000,,,
Honda,Vezel z grade,2023.0,,Hybrid,19500000,20000,19900000,19500000,,
Honda,Vezel z play,2023.0,,Hybrid,18800000,11000,22700000,,,
Honda,Fit GP7 SHUTTLE,2022.0,,Hybrid,16800000,25000,,16800000,,
Honda,Vezel HEV Play,2022.0,,Hybrid,21400000,10000,21400000,,,
Honda,Vezel Sunlight,2022.0,,Hybrid,18500000,25000,,18500000,,
Honda,Vezel X,2022.0,,Hybrid,17900000,14000,19140000,,,9950000
Honda,Vezel Z,2022.0,,Hybrid,19875000,18000,20535429,19300000,15500000,10345000
Honda,Vezel Z Play Highest,2022.0,,Hybrid,22950000,24665,,22300000,,
Honda,Vezel Z Premium,2022.0,,Hybrid,19300000,19000,21059355,20072500,,
Honda,Vezel Z play,2022.0,,Hybrid,21650000,41,21812500,22950000,,
Honda,Vezel x Hunt,2022.0,,Hybrid,17500000,51000,,,17500000,
Honda,Insight,2020.0,,Hybrid,16500000,71000,,,16650000,10040000
Honda,Grace EX Package,2019.0,,Hybrid,11250000,105400,,,,10893750
Honda,Insight,2019.0,,Hybrid,16800000,70000,,,16650000,10040000
Honda,Insight ZE4,2019.0,,Hybrid,15800000,114000,,,,15800000
Honda,Vezel RS SENSING,2019.0,,Hybrid,15200000,102000,,,,15200000
Honda,Fit Shuttle GP7 Z Sensing,2018.0,,Hybrid,14200000,90000,,,14200000,
Honda,Grace Ex Sensing,2018.0,,Hybrid,12950000,94000,,,12950000,
Honda,Grace Rs Sensing,2018.0,,Hybrid,12245000,80300,,,12245000,
Honda,Vezel,2018.0,,Hybrid,14500000,170000,20925000,18800000,12875000,11487200
Honda,Vezel RS,2018.0,,Hybrid,14500000,97000,,13900000,13633333,13218750
Honda,Vezel RS SENSING LED,2018.0,,Hybrid,14000000,82000,,,14445000,
Honda,Vezel RS Sensing LED Face,2018.0,,Hybrid,14800000,76000,,,14800000,
Honda,Vezel RS Sensing LED Light,2018.0,,Hybrid,149900000,99900,,,149900000,
Honda,Vezel Rs Sensing,2018.0,,Hybrid,14650000,55000,,,14650000,
Honda,Vezel Z,2018.0,,Hybrid,15500000,61500,20535429,19300000,15500000,10345000
Honda,Vezel Z Sensing,2018.0,,Hybrid,14300000,52500,,,14300000,
Honda,Fit GP5,2017.0,,Hybrid,8650000,157750,,,,8455417
Honda,Fit GP5 S Grade RS,2017.0,,Hybrid,11490000,60000,,,11490000,
Honda,Fit Shuttle GP 7 (Navi-Premium),2017.0,,Hybrid,12600000,93000,,,12600000,
Honda,Grace,2017.0,,Hybrid,11000000,200000,,11490000,11555000,10306250
Honda,Grace EX,2017.0,,Hybrid,12000000,53647,,,12297500,9916667
Honda,Grace EX Package,2017.0,,Hybrid,10750000,142100,,,,10893750
Honda,Grace Ex Grade,2017.0,,Hybrid,11975000,78000,,,11758333,
Honda,Grace Gtace Ex,2017.0,,Hybrid,12200000,95000,,,12200000,
Honda,Vezel,2017.0,,Hybrid,14400000,80000,20925000,18800000,12875000,11487200
Honda,Vezel RS,2017.0,,Hybrid,13500000,134000,,13900000,13633333,13218750
Honda,Vezel RS SENSING LOW MILE,2017.0,,Hybrid,13790000,89926,,,13790000,
Honda,Vezel RS Sensing,2017.0,,Hybrid,13600000,97000,,,13112500,13081667
Honda,Vezel RS Sensing CB Number,2017.0,,Hybrid,13290000,112000,,,,13290000
Honda,Vezel RS sensing,2017.0,,Hybrid,13800000,127500,,,,13800000
Honda,Vezel Z Grade,2017.0,,Hybrid,11550000,157489,20313396,18937500,,10980000
Honda,Fit Gp5 S Grade,2016.0,,Hybrid,9975000,103900,,,9125000,9975000
Honda,Fit Shuttle,2016.0,,Hybrid,12975000,85000,,17000000,12075000,9387500
Honda,Grace,2016.0,,Hybrid,11275000,56000,,11490000,11555000,10306250
Honda,Grace EX,2016.0,,Hybrid,9850000,112365,,,12297500,9916667
Honda,Grace EX Highest,2016.0,,Hybrid,10500000,225000,,,,10500000
Honda,Grace EX Package,2016.0,,Hybrid,10600000,144000,,,,10893750
Honda,Grace Ex Grade,2016.0,,Hybrid,11625000,85000,,,11758333,
Honda,Vezel,2016.0,,Hybrid,12690000,139000,20925000,18800000,12875000,11487200
Honda,Vezel IVERY Grade,2016.0,,Hybrid,11975000,120000,,,,11975000
Honda,Vezel Orange Pack,2016.0,,Hybrid,11800000,147000,,,11675000,10631250
Honda,Vezel RS,2016.0,,Hybrid,13200000,113000,,13900000,13633333,13218750
Honda,Vezel RS Sensing,2016.0,,Hybrid,12900000,107000,,,13112500,13081667
Honda,Vezel Z Grade,2016.0,,Hybrid,11750000,116000,20313396,18937500,,10980000
Honda,Vezel Z Ivory,2016.0,,Hybrid,11770000,95000,,,11770000,
Honda,Vezel fullyloaded,2016.0,,Hybrid,11450000,155000,,,,11450000
Honda,CRZ ZF1,2015.0,,Hybrid,8800000,99883,,,8800000,
Honda,Fit,2015.0,,Hybrid,8850000,150000,,8950000,8800000,7997857
Honda,Fit GP 5,2015.0,,Hybrid,8990000,175000,,,,8895000
Honda,Fit GP5,2015.0,,Hybrid,8375000,147000,,,,8455417
Honda,Fit GP5 S Grade,2015.0,,Hybrid,9550000,134000,,,7650000,8986000
Honda,Fit GP5 S Grade Safety,2015.0,,Hybrid,9250000,110000,,,,9250000
Honda,Fit Gp5 S Grade,2015.0,,Hybrid,9600000,87500,,,9125000,9975000
Honda,Freed GP3,2015.0,,Hybrid,11800000,113200,9250000,,,10163333
Honda,Grace,2015.0,,Hybrid,10400000,141000,,11490000,11555000,10306250
Honda,Grace EX,2015.0,,Hybrid,10300000,147000,,,12297500,9916667
Honda,Grace Ex,2015.0,,Hybrid,11000000,110000,,,,11000000
Honda,Grace Ex Package,2015.0,,Hybrid,10550000,126000,,,,10500000
Honda,HR-V Vezel,2015.0,,Hybrid,10700000,156500,,,,10700000
Honda,Vezel,2015.0,,Hybrid,11000000,168650,20925000,18800000,12875000,11487200
Honda,Vezel Orange Package,2015.0,,Hybrid,10950000,109000,,,,10900000
Honda,Vezel Z Grade,2015.0,,Hybrid,11000000,200000,20313396,18937500,,10980000
Honda,Vezel Z Grade Orange,2015.0,,Hybrid,11500000,106000,,,,11500000
Honda,Vezel Z Grade Orange Pack,2015.0,,Hybrid,11495000,128000,10800000,,,11047500
Honda,Vezel Z Orange Package,2015.0,,Hybrid,11600000,99000,,,11600000,11065000
Honda,Vezel used,2015.0,,Hybrid,12000000,68800,,,12000000,
Honda,Fit,2014.0,,Hybrid,8450000,165000,,8950000,8800000,7997857
Honda,Fit GP 5 Highest Grade,2014.0,,Hybrid,8600000,155000,,,,8600000
Honda,Fit GP 5 S Grade,2014.0,,Hybrid,8475000,116000,,,,8475000
Honda,Fit GP-5,2014.0,,Hybrid,8950000,71500,,,8950000,
Honda,Fit GP1,2014.0,,Hybrid,7000000,125000,,,7562500,7101667
Honda,Fit GP5,2014.0,,Hybrid,8000000,133000,,,,8455417
Honda,Fit GP5 L Grade,2014.0,,Hybrid,8275000,120000,,,8875000,8216667
Honda,Fit GP5 S Grade,2014.0,,Hybrid,8790000,132000,,,7650000,8986000
Honda,Fit Gp5,2014.0,,Hybrid,8600000,81000,,,8600000,
Honda,Fit Gp5 F Grade,2014.0,,Hybrid,8500000,155000,,,,8500000
Honda,Fit Gp5 L Grade,2014.0,,Hybrid,8690000,120000,,,,8690000
Honda,Fit Gp5 S Grade,2014.0,,Hybrid,8650000,93000,,,9125000,9975000
Honda,Fit Shuttle,2014.0,,Hybrid,13500000,65000,,17000000,12075000,9387500
Honda,Fit Shuttle GP 2,2014.0,,Hybrid,10550000,130000,,,,10550000
Honda,Fit Shuttle GP-2,2014.0,,Hybrid,10500000,97000,,,10500000,
Honda,Fit Shuttle GP2,2014.0,,Hybrid,9675000,168000,,,,9675000
Honda,Fit Shuttle GP2 Navi Premium,2014.0,,Hybrid,11290000,108000,,,,11290000
Honda,Grace,2014.0,,Hybrid,10500000,171000,,11490000,11555000,10306250
Honda,Vezel,2014.0,,Hybrid,10295000,125327,20925000,18800000,12875000,11487200
Honda,Vezel -,2014.0,,Hybrid,9975000,138000,,,,9975000
Honda,Vezel Gold Batch,2014.0,,Hybrid,10675000,208000,,,,10675000
Honda,Vezel Orange,2014.0,,Hybrid,10950000,150000,,,,10950000
Honda,Vezel Orange Pack,2014.0,,Hybrid,10325000,142200,,,11675000,10631250
Honda,Vezel RU3,2014.0,,Hybrid,10500000,180000,,,,10500000
Honda,Vezel X,2014.0,,Hybrid,9950000,115000,19140000,,,9950000
Honda,Vezel X Grade,2014.0,,Hybrid,9750000,137152,17697143,16990000,,9670000
Honda,Vezel Z,2014.0,,Hybrid,10590000,139000,20535429,19300000,15500000,10345000
Honda,Vezel Z BLACK,2014.0,,Hybrid,10490000,106000,,,,10490000
Honda,Vezel Z Black,2014.0,,Hybrid,10490000,106000,17500000,,,10490000
Honda,Vezel Z GRADE ORANGE PACK,2014.0,,Hybrid,10550000,116500,,,,10550000
Honda,Vezel Z Grade,2014.0,,Hybrid,9700000,143000,20313396,18937500,,10980000
Honda,Vezel Z Grade Orange 2015,2014.0,,Hybrid,10450000,175000,,,,10450000
Honda,Vezel Z Grade Orange Pack,2014.0,,Hybrid,10600000,240000,10800000,,,11047500
Honda,Vezel Z Grade Orange inter,2014.0,,Hybrid,10250000,131000,,,,10250000
Honda,Vezel Z Orange Package,2014.0,,Hybrid,10280000,138000,,,11600000,11065000
Honda,Vezel Z Package,2014.0,,Hybrid,11000000,172000,20391667,18700000,,11000000
Honda,Fit,2013.0,,Hybrid,7500000,162000,,8950000,8800000,7997857
Honda,"Fit F Grade, Mid Trim",2013.0,,Hybrid,8375000,120000,,,,8375000
Honda,Fit GP1,2013.0,,Hybrid,7175000,73800,,,7562500,7101667
Honda,Fit GP4 RS,2013.0,,Hybrid,8290000,91000,,,8290000,
Honda,Fit GP5,2013.0,,Hybrid,7750000,113500,,,,8455417
Honda,Fit GP5 L Grade,2013.0,,Hybrid,7850000,145800,,,8875000,8216667
Honda,Fit GP5 S Grade,2013.0,,Hybrid,7650000,95000,,,7650000,8986000
Honda,Fit L Grade,2013.0,,Hybrid,8320000,103400,,,,8320000
Honda,Fit Shuttle,2013.0,,Hybrid,9750000,88100,,17000000,12075000,9387500
Honda,Freed GP3,2013.0,,Hybrid,9250000,186,9250000,,,10163333
Honda,GP5,2013.0,,Hybrid,8390000,103300,,,,8390000
Honda,Vezel,2013.0,,Hybrid,8975000,142000,20925000,18800000,12875000,11487200
Honda,Fit GP 1,2012.0,,Hybrid,7500000,130000,,,,7500000
Honda,Fit GP1,2012.0,,Hybrid,7250000,132500,,,7562500,7101667
Honda,Fit Shuttle,2012.0,,Hybrid,9800000,170000,,17000000,12075000,9387500
Honda,Freed,2012.0,,Hybrid,8875000,300000,,,,8875000
Honda,Insight Ze 2,2012.0,,Hybrid,8550000,204000,,,,8550000
Honda,Fit GP1,2011.0,,Hybrid,6560000,274000,,,7562500,7101667
Honda,Fit Shuttle,2011.0,,Hybrid,8750000,164000,,17000000,12075000,9387500
Honda,GP.1,2011.0,,Hybrid,7150000,129395,,,,7150000
Honda,Civic FD3,2009.0,,Hybrid,7000000,290000,,,,7000000
Honda,Insight,2009.0,,Hybrid,6795000,190000,,,16650000,10040000
Honda,Civic,2008.0,,Hybrid,7895000,124492,,,,7895000
Hyundai,Santa Fe Calligraphy,2025.0,,Hybrid,36500000,0,36500000,,,
Hyundai,Santa Fe Calligraphy AWD,2025.0,,Hybrid,37000000,0,37000000,,,
Hyundai,Santa Fe Calligraphy Edition,2025.0,,Hybrid,36500000,0,36500000,,,
Hyundai,Ioniq,2020.0,,Hybrid,11900000,23000,,11900000,,9850000
Hyundai,Ioniq,2017.0,,Hybrid,9900000,142800,,11900000,,9850000
Jaecoo,J7 Phev,2025.0,,Hybrid,25850000,50,23425000,,,
Kia,Sorento GT Line,2025.0,,Hybrid,39800000,0,39800000,,,
Kia,Sorento Gt Line Australian,2025.0,,Hybrid,38800000,0,39150000,,,
Kia,Sorento HEV,2025.0,,Hybrid,38950000,0,38950000,,,
Land Rover,Defender 110 HDE,2025.0,,Hybrid,88500000,0,88500000,,,
Land Rover,Defender 110 X-Dynamic HSE,2025.0,,Hybrid,83000000,0,83000000,,,
Land Rover,Defender HSE 110,2025.0,,Hybrid,88500000,0,88500000,,,
Land Rover,Defender P300e XDynamic HSE,2025.0,,Hybrid,89000000,47,89000000,,,
Land Rover,Defender P400e,2025.0,,Hybrid,75000000,10,75000000,,,
Land Rover,Defender P400e Black Edition,2025.0,,Hybrid,75000000,0,75000000,,,
Land Rover,JAECOO J7,2025.0,,Hybrid,24350000,20,24350000,,,
Land Rover,Jaecoo J7,2025.0,,Hybrid,23500000,50,22250000,,,
Land Rover,Jaecoo J7 Phev,2025.0,,Hybrid,24350000,50,24350000,,,
Land Rover,Range Evoque,2025.0,,Hybrid,45000000,0,45000000,,,
Land Rover,Range Evoque P270e Dynamic HSE,2025.0,,Hybrid,42500000,0,42500000,,,
Land Rover,Range P460E Autobiography,2025.0,,Hybrid,150000000,0,150000000,,,
Land Rover,Range P460e Just cleared,2025.0,,Hybrid,160000000,0,160000000,,,
Land Rover,Range PHEV Autobiography,2025.0,,Hybrid,135000000,0,135000000,87000000,,
Land Rover,Defender 110 P400e X-Dynamic,2024.0,,Hybrid,69500000,10000,69500000,,,
Land Rover,Defender 110 X-Dyn. HSE P300e,2024.0,,Hybrid,79500000,5600,79500000,,,
Land Rover,Discovery Sport Dynamic HSE P270e,2024.0,,Hybrid,43500000,2100,43500000,,,
Land Rover,Range 1.5 P270e Dynamic SE,2024.0,,Hybrid,39500000,9312,39500000,,,
Land Rover,Range Autobiography,2024.0,,Hybrid,146000000,9000,146000000,,61500000,
Land Rover,Range Evoque 1.5 P270e Dyn.SE,2024.0,,Hybrid,42500000,7513,42500000,,,
Land Rover,Range Evoque DYNAMIC HSE,2024.0,,Hybrid,47850000,10000,47850000,,,
Land Rover,Defender 110 HSE X-Dynamic FL,2023.0,,Hybrid,89500000,3200,89500000,,,
Land Rover,Range Evoque P300e,2023.0,,Hybrid,38000000,16000,38000000,,,
Land Rover,Range,2019.0,,Hybrid,65000000,16000,65000000,,,
Land Rover,Range Autobiography LWB,2019.0,,Hybrid,86000000,26000,,86000000,,
Land Rover,Range Autobiography P400e,2019.0,,Hybrid,93500000,17950,93500000,,,
Land Rover,Range PHEV,2019.0,,Hybrid,90000000,70000,,,90000000,
Land Rover,Range Vogue Autobiography,2019.0,,Hybrid,92500000,41000,,92500000,72000000,
Land Rover,Range Vogue/SWB/LowMilg,2019.0,,Hybrid,72000000,50000,,72000000,72000000,
Land Rover,Range Autobiography,2018.0,,Hybrid,61500000,78000,146000000,,61500000,
Land Rover,Range PHEV Autobiography,2018.0,,Hybrid,87000000,37000,135000000,87000000,,
Land Rover,Range Sport,2018.0,,Hybrid,57000000,72000,,,57000000,
Land Rover,Range Vogue Autobiography,2018.0,,Hybrid,72000000,80000,,92500000,72000000,
Land Rover,Range Sport Autobiography,2015.0,,Hybrid,44500000,80000,,,44500000,
Lexus,LBX,2024.0,,Hybrid,26000000,8000,26000000,,,
Lexus,RX450h,2011.0,,Hybrid,17500000,110000,,,,16750000
Lexus,LS600h Long wheel,2010.0,,Hybrid,22500000,198000,,,,22500000
Lexus,RX450h,2009.0,,Hybrid,16000000,148000,,,,16750000
Lexus,LS600h,2008.0,,Hybrid,25000000,120000,,,,25000000
Lexus,RX400 h,2008.0,,Hybrid,12100000,142000,,,,12100000
Lexus,RX400,2007.0,,Hybrid,11975000,180000,,,,11975000
MG,MG4 X i-Smart,2024.0,,Hybrid,16500000,0,16500000,,,
Mazda,2,2025.0,,Hybrid,14800000,3000,14800000,,,
Mazda,Flair Custom XS Wagon r,2024.0,,Hybrid,9290000,0,9290000,,,
Mazda,Flair XG,2024.0,,Hybrid,8490000,0,8490000,,,
Mazda,Flair spacia unregis,2024.0,,Hybrid,8550000,23000,,8550000,,
Mazda,Flair,2015.0,,Hybrid,6890001,99929,,,6890001,
Mazda,Axela,2014.0,,Hybrid,11200000,114000,,,,11200000
Mazda,Axela Sky Active SL,2014.0,,Hybrid,11200000,146000,,,,11200000
Mazda,Axela Skyactiv Fly Loaded,2013.0,,Hybrid,11590000,160000,,,,11590000
Mazda,Axela Skyactive,2013.0,,Hybrid,10800000,150000,,,,10800000
Mercedes Benz,CLA 250 AMG Prem Plus,2025.0,,Hybrid,34000000,0,34000000,,,
Mercedes Benz,CLA 250 AMG PremPlus,2025.0,,Hybrid,32000000,0,32000000,,,
Mercedes Benz,CLA 250 cla250e,2025.0,,Hybrid,34000000,0,34000000,,,
Mercedes Benz,G class 450d,2025.0,,Hybrid,145000000,0,145000000,,,
Mercedes Benz,S580e,2025.0,,Hybrid,148000000,0,148000000,,,
Mercedes Benz,S580e AMG Premium,2025.0,,Hybrid,143000000,0,143000000,,,
Mercedes Benz,CLA 250 (new),2024.0,,Hybrid,32000000,0,32000000,,,
Mercedes Benz,CLA 250 AMG Line Premium +,2024.0,,Hybrid,39500000,4950,39500000,,,
Mercedes Benz,CLA 250e,2024.0,,Hybrid,32000000,20,32000000,,,
Mercedes Benz,A180 AMG LINE + SUNROOF,2023.0,,Hybrid,22500000,10000,22500000,,,
Mercedes Benz,C180 AMG AVANGARDE,2023.0,,Hybrid,33500000,6321,33500000,,,
Mercedes Benz,C200 Premium Plus,2023.0,,Hybrid,40500000,4000,40500000,,,
Mercedes Benz,E200 AMG Premium Plus,2023.0,,Hybrid,45000000,5000,45000000,,,
Mercedes Benz,E350 E AMG Premium Plus,2017.0,,Hybrid,31500000,65000,,,31500000,
Mercedes Benz,E350 E350e,2017.0,,Hybrid,29750000,82000,,,29750000,
Mercedes Benz,S300,2017.0,,Hybrid,55000000,90305,,,55000000,
Mercedes Benz,S500,2016.0,,Hybrid,63500000,38000,,63500000,47500000,
Mercedes Benz,E300 Bluetec,2015.0,,Hybrid,19500000,56000,,,19500000,
Mercedes Benz,S500,2015.0,,Hybrid,47500000,70000,,63500000,47500000,
Mercedes Benz,S500 LWB AMG PHEV,2015.0,,Hybrid,55000000,68000,,,55000000,
Mercedes Benz,E300 Blutec,2013.0,,Hybrid,19800000,78000,,,19800000,
Mercedes Benz,S400 Long Wheel Base Amg,2013.0,,Hybrid,49500000,49500,,49500000,,
Mitsubishi,Delica Mini,2024.0,,Hybrid,10600000,12200,10600000,,,
Mitsubishi,Delica Wagon R T Premium,2024.0,,Hybrid,9850000,1,9850000,,,
Mitsubishi,EK Custom X - G PACKAGE,2024.0,,Hybrid,9400000,3300,9400000,,,
Mitsubishi,EK Custom X G,2024.0,,Hybrid,9450000,4752,9650000,,,
Mitsubishi,EK X,2024.0,,Hybrid,8500000,5000,8500000,,,
Mitsubishi,EK X G Premium,2024.0,,Hybrid,8500000,10000,8500000,,,
Mitsubishi,eK Wagon G Premium,2024.0,,Hybrid,8490000,5000,8490000,,,
Mitsubishi,Delica Mini Wagon T Premium,2023.0,,Hybrid,10695000,5000,10695000,,,
Mitsubishi,EK Custom,2023.0,,Hybrid,8450000,9800,8450000,,,
Mitsubishi,EK Custom X G,2023.0,,Hybrid,9850000,15500,9650000,,,
Mitsubishi,EK Custom X Grade,2023.0,,Hybrid,8400000,12000,8400000,,,
Mitsubishi,eK Space,2023.0,,Hybrid,9300000,2374,9300000,,,
Mitsubishi,eK Space X,2023.0,,Hybrid,9075000,11000,9075000,,,
Mitsubishi,eK Wagon,2023.0,,Hybrid,7100000,6000,7100000,,,
Mitsubishi,eK Wagon X - G Premium,2023.0,,Hybrid,8900000,2000,8900000,,,
Mitsubishi,Outlander,2016.0,,Hybrid,18450000,124000,,,13850000,15145000
Mitsubishi,Outlander PHEV,2016.0,,Hybrid,17800000,125342,,,18500000,14010000
Mitsubishi,Outlander,2015.0,,Hybrid,14950000,145000,,,13850000,15145000
Mitsubishi,Outlander G Navi Premium,2015.0,,Hybrid,16200000,160000,,,,16200000
Mitsubishi,Outlander PHEV,2015.0,,Hybrid,11950000,130000,,,18500000,14010000
Mitsubishi,Outlander PHEV G,2015.0,,Hybrid,15000000,146000,,,,15000000
Mitsubishi,Outlander PHEV G NAVI Premium,2015.0,,Hybrid,16300000,123678,,,,16300000
Mitsubishi,Outlander PHV Premium Plus,2015.0,,Hybrid,16475000,138000,,,,16475000
Mitsubishi,Outlander,2014.0,,Hybrid,13750000,186439,,,13850000,15145000
Mitsubishi,Outlander Full Option,2014.0,,Hybrid,14600000,149000,,,,14600000
Mitsubishi,Outlander PHEV,2014.0,,Hybrid,12800000,118000,,,18500000,14010000
Mitsubishi,Outlander PHEV Premium,2014.0,,Hybrid,13200000,117000,,,,13200000
Mitsubishi,Outlander,2013.0,,Hybrid,13700000,110000,,,13850000,15145000
Mitsubishi,Outlander 4x4,2013.0,,Hybrid,12900000,190000,,,,12900000
Mitsubishi,Outlander PHEV,2013.0,,Hybrid,15000000,111000,,,18500000,14010000
Mitsubishi,Outlander PHEV Plug-in,2013.0,,Hybrid,13000000,139000,,,,12850000
Nissan,Dayz,2025.0,,Hybrid,9550000,410,9422500,,,
Nissan,Note Aura G,2025.0,,Hybrid,14395000,13900,14395000,,,
Nissan,Aura G Leather Sport,2024.0,,Hybrid,15695000,5000,15695000,,,
Nissan,Aura Nismo Limited,2024.0,,Hybrid,15995000,30000,,15995000,,
Nissan,Dayz G Propilot,2024.0,,Hybrid,8790000,2400,8790000,,,
Nissan,Dayz HS X PRO PILOT,2024.0,,Hybrid,8400000,6000,8400000,,,
Nissan,Dayz Hi way ST Pro pilot,2024.0,,Hybrid,9275000,6000,9275000,,,
Nissan,Dayz High Way Star,2024.0,,Hybrid,9250000,0,9250000,,,
Nissan,Dayz Highway St Propilot,2024.0,,Hybrid,8600000,5000,8600000,,,
Nissan,Dayz Highway Star,2024.0,,Hybrid,9150000,3368,8681250,,6980000,6900000
Nissan,Dayz Highway Star SHybrid,2024.0,,Hybrid,9490000,532,9490000,,,
Nissan,Dayz Highway Star X,2024.0,,Hybrid,8900000,1900,8563333,,,
Nissan,Dayz HighwayStar ProPilot,2024.0,,Hybrid,9400000,0,9400000,,,
Nissan,Dayz Hyway Star G,2024.0,,Hybrid,8500000,5000,8350000,,,
Nissan,Note Aura G Leather,2024.0,,Hybrid,14590000,21000,,14590000,,
Nissan,ROOX HIGHWAY STAR X,2024.0,,Hybrid,9250000,10000,9150000,,,
Nissan,ROOX HIGHWAY STAR X 4 Way Camera Safety,2024.0,,Hybrid,10790000,3400,10790000,,,
Nissan,ROOX HIGHWAY STAR X 4 Way Safety 2 Tone,2024.0,,Hybrid,10250000,1800,10250000,,,
Nissan,ROOX HIGHWAY STAR X G PRO,2024.0,,Hybrid,10575000,18500,10575000,,,
Nissan,ROOX HIGHWAY STAR X Propilot,2024.0,,Hybrid,8650000,6000,8710000,,,
Nissan,ROOX HIGHWAY STAR X Unregistere,2024.0,,Hybrid,9725000,3490,9725000,,,
Nissan,ROOX HIGHWAY STAR X pro pilot pre ordes,2024.0,,Hybrid,9285000,17500,9285000,,,
Nissan,Serena E Power HS V,2024.0,,Hybrid,27950000,2000,27950000,,,
Nissan,Dayz,2023.0,,Hybrid,9390000,3680,9422500,,,
Nissan,Dayz G,2023.0,,Hybrid,9850000,3000,9850000,,,
Nissan,Dayz H.WAY STAR X PROPILO,2023.0,,Hybrid,8000000,10000,8000000,,,
Nissan,Dayz Highway Star,2023.0,,Hybrid,8675000,17000,8681250,,6980000,6900000
Nissan,Dayz Highway Star PPT,2023.0,,Hybrid,9100000,6063,9100000,,,
Nissan,Dayz Highway Star X,2023.0,,Hybrid,7800000,5000,8563333,,,
Nissan,Dayz Highway star,2023.0,,Hybrid,8390000,12000,8382500,,,
Nissan,Dayz Highway star hy,2023.0,,Hybrid,8350000,12000,8350000,,,
Nissan,Dayz Hihgway Star X,2023.0,,Hybrid,8350000,14000,8300000,,,
Nissan,Dayz Roox,2023.0,,Hybrid,9375000,47936,,9375000,,
Nissan,Dayz Roox X Safety,2023.0,,Hybrid,9200000,6388,9200000,,,
Nissan,Dayz highway star X,2023.0,,Hybrid,8300000,16000,8300000,,,
Nissan,Nismo Aura,2023.0,,Hybrid,16500000,0,16500000,,,
Nissan,ROOX HIGHWAY STAR X,2023.0,,Hybrid,9500000,7000,9150000,,,
Nissan,ROOX HIGHWAY STAR X Pro Pilot Pre Order,2023.0,,Hybrid,9200000,19500,9200000,,,
Nissan,ROOX HIGHWAY STAR X Pro pilot,2023.0,,Hybrid,9475000,4000,9475000,,,
Nissan,ROOX HIGHWAY STAR X Pro pilot Highest,2023.0,,Hybrid,9495000,12000,9495000,,,
Nissan,ROOX HIGHWAY STAR X ProPilot UNREGISTED,2023.0,,Hybrid,8675000,40000,,8675000,,
Nissan,ROOX HIGHWAY STAR X Propilot,2023.0,,Hybrid,8900000,7300,8710000,,,
Nissan,ROOX HIGHWAY STAR X Took,2023.0,,Hybrid,8895000,46000,,8895000,,
Nissan,ROOX HIGHWAY STAR X G,2022.0,,Hybrid,9475000,11000,9475000,,,
Nissan,Dayz Highway Star,2019.0,,Hybrid,6980000,69000,8681250,,6980000,6900000
Nissan,Dayz Highway Star,2017.0,,Hybrid,6900000,105712,8681250,,6980000,6900000
Nissan,X-Trail,2017.0,,Hybrid,10675000,157000,,,10737500,11291471
Nissan,X-Trail Modepremier Autech,2017.0,,Hybrid,16500000,80000,,,16500000,
Nissan,X-Trail,2016.0,,Hybrid,11250000,142822,,,10737500,11291471
Nissan,X-Trail HT,2016.0,,Hybrid,11000000,147000,,,,11000000
Nissan,X-Trail Sunroof,2016.0,,Hybrid,11400000,124000,,,,11400000
Nissan,X-Trail T32,2016.0,,Hybrid,10625000,84000,,,10625000,
Nissan,X-Trail,2015.0,,Hybrid,10700000,106000,,,10737500,11291471
Nissan,X-Trail Automatic,2015.0,,Hybrid,11000000,147000,,,,11000000
Nissan,X-Trail Fully Loaded,2015.0,,Hybrid,11800000,98000,,,11800000,
Nissan,X-Trail Mode Premier,2015.0,,Hybrid,12500000,181000,,,,12500000
Nissan,X-Trail Mode Premium,2015.0,,Hybrid,12400000,102000,,,,12400000
Nissan,X-Trail Safety Package,2015.0,,Hybrid,11000000,132000,,,,11000000
Peugeot,5008 GT - Line,2025.0,,Hybrid,38600000,30,38600000,,,
Peugeot,5008 GT Line,2025.0,,Hybrid,3650000,1,3650000,,,
Peugeot,5008 GT Line 1.2,2025.0,,Hybrid,37500000,1,37500000,,,
Peugeot,5008 1199cc MHEV GT e-DSC,2024.0,,Hybrid,37500000,10,37500000,,,
Peugeot,5008 GT MHEV e-DSC 5dr,2024.0,,Hybrid,37500000,295,37500000,,,
Porsche,Cayenne S E-Hybrid,2015.0,,Hybrid,30000000,64000,,,30000000,
Porsche,Panamera S,2013.0,,Hybrid,36000000,63000,,,36000000,
Porsche,Cayenne 3L,2012.0,,Hybrid,21500000,206350,,,,21500000
Subaru,Crosstrek,2015.0,,Hybrid,14500000,220000,,,,14500000
Subaru,XV DAA-GPE,2014.0,,Hybrid,8700000,103000,,,,8700000
Subaru,XV eyesight,2013.0,,Hybrid,9750000,147000,,,,9750000
Suzuki,Fronx Personal,2025.0,,Hybrid,10600000,0,10600000,,,
Suzuki,Hustler G,2025.0,,Hybrid,9100000,700,8666667,,,
Suzuki,Hustler G Brand,2025.0,New,Hybrid,9000000,0,9000000,,,
Suzuki,Hustler J STYLE,2025.0,,Hybrid,9250000,0,9250000,,,
Suzuki,Hustler Though Wild,2025.0,,Hybrid,9400000,0,9400000,,,
Suzuki,Spacia,2025.0,,Hybrid,11800000,400,10657143,8575000,7143333,6881666
Suzuki,Spacia CUSTOM XS,2025.0,,Hybrid,10950000,0,10812857,,,
Suzuki,Spacia Custom,2025.0,,Hybrid,11800000,0,10670417,,7050000,
Suzuki,Spacia Custom XS,2025.0,,Hybrid,11250000,0,10932000,9525000,,
Suzuki,Spacia Custom XS TB,2025.0,,Hybrid,10800000,10,10800000,,,
Suzuki,Spacia Custom Xs,2025.0,,Hybrid,10500000,1000,10716667,,,
Suzuki,Spacia GS Custom Brand,2025.0,New,Hybrid,10475000,3900,10475000,,,
Suzuki,Spacia Gear,2025.0,,Hybrid,11500000,14,11500000,,,
Suzuki,Spacia XS,2025.0,,Hybrid,11475000,200,10987500,,,
Suzuki,Spacia XS CUSTOM,2025.0,,Hybrid,10825000,0,10766667,,,
Suzuki,Spacia XS CUSTOM B/N,2025.0,,Hybrid,11250000,250,11250000,,,
Suzuki,Spacia XS Custom,2025.0,,Hybrid,11675000,0,11168125,,,
Suzuki,Spacia XS Custom Black Top,2025.0,,Hybrid,11025000,72,10907500,,,
Suzuki,Spacia XS Custom Brand,2025.0,New,Hybrid,11425000,0,11425000,,,
Suzuki,Spacia xs Custom,2025.0,,Hybrid,11425000,0,11425000,,,
Suzuki,Wagon R,2025.0,,Hybrid,9499998,4,9275000,8800000,6750000,6596000
Suzuki,Wagon R COSTOM Z BRAND,2025.0,NEW,Hybrid,10500000,140,10500000,,,
Suzuki,Wagon R COUSTOM Z,2025.0,,Hybrid,10000000,500,10000000,,,
Suzuki,Wagon R CUSTOM Z,2025.0,,Hybrid,9850000,0,10210000,,,
Suzuki,Wagon R CUSTOM ZX,2025.0,,Hybrid,9850000,0,10075000,,,
Suzuki,Wagon R Custom Z,2025.0,,Hybrid,9825000,0,9937000,9250000,,
Suzuki,Wagon R Custom Z Brand,2025.0,New,Hybrid,9395000,0,9395000,,,
Suzuki,Wagon R Custom Z-ZX,2025.0,,Hybrid,10490000,0,10490000,,,
Suzuki,Wagon R Custom ZX,2025.0,,Hybrid,9850000,0,9983333,,,
Suzuki,Wagon R Custom Zx,2025.0,,Hybrid,9950000,0,9950000,,,
Suzuki,Wagon R Custom z,2025.0,,Hybrid,9875000,9,9875000,,,
Suzuki,Wagon R Custome Z,2025.0,,Hybrid,9975000,30,9975000,,,
Suzuki,Wagon R FX,2025.0,,Hybrid,8895000,30,8580588,7882500,6797500,6493333
Suzuki,Wagon R FX -S,2025.0,,Hybrid,8150000,2000,8150000,,,
Suzuki,Wagon R FX FX-S,2025.0,,Hybrid,8990000,8,8990000,,,
Suzuki,Wagon R FZ Custom,2025.0,,Hybrid,9480000,6000,9480000,,,
Suzuki,Wagon R Stingray,2025.0,,Hybrid,10590000,250,9514286,21779000,7467051,7121053
Suzuki,Wagon R Stingray Brand,2025.0,New,Hybrid,10400000,200,10400000,,,
Suzuki,Wagon R Stingray CUSTOM Z,2025.0,,Hybrid,10450000,0,10450000,,,
Suzuki,Wagon R Stingray Z Custom,2025.0,,Hybrid,10200000,13,10200000,,,
Suzuki,Wagon R Wagonr Custom Z,2025.0,,Hybrid,9700000,841,9700000,,,
Suzuki,Wagon R ZX,2025.0,,Hybrid,9300000,0,9447727,,,
Suzuki,Wagon R ZX Custom,2025.0,,Hybrid,9600000,0,9539615,,,
Suzuki,Wagon R ZX Custom Z,2025.0,,Hybrid,9985000,40,9803333,,,
Suzuki,Wagon R ZX Custom Z (Hybrid ZX),2025.0,,Hybrid,9875000,6,9875000,,,
Suzuki,Wagon R ZX UPGRADED / 6 AIR BAG,2025.0,,Hybrid,10350000,0,10350000,,,
Suzuki,Wagon R ZX custom,2025.0,,Hybrid,9800000,0,9525000,,,
Suzuki,Wagon R custom z,2025.0,,Hybrid,10500000,0,10500000,,,
Suzuki,Wagon R zx custom,2025.0,,Hybrid,9950000,1200,9950000,,,
Suzuki,XBee MV/ MZ,2025.0,,Hybrid,11000000,0,11000000,,,
Suzuki,XBee MZ,2025.0,,Hybrid,11500000,0,11187500,,,
Suzuki,XBee MZ BRAND,2025.0,NEW,Hybrid,11990000,0,11490000,,,
Suzuki,XBee MZ LEATHER PACKAGE,2025.0,,Hybrid,12190000,7,12190000,,,
Suzuki,Alto,2024.0,,Hybrid,7600000,8,7375000,,,
Suzuki,Alto G saafty push Multi,2024.0,,Hybrid,7950000,4220,7950000,,,
Suzuki,Alto Japan,2024.0,,Hybrid,7750000,8,7750000,,,
Suzuki,Alto S,2024.0,,Hybrid,7850000,3000,7850000,,,
Suzuki,Alto S safety,2024.0,,Hybrid,7200000,8000,7200000,,,
Suzuki,Alto Safety,2024.0,,Hybrid,7950000,8400,7950000,,,
Suzuki,Alto Safety S,2024.0,,Hybrid,6950000,8000,6950000,,,
Suzuki,Alto X Grade,2024.0,,Hybrid,8090000,2000,8090000,,,
Suzuki,Alto X Safety,2024.0,,Hybrid,7850000,4000,7850000,,,
Suzuki,Hustler,2024.0,,Hybrid,8725000,5000,8579167,,7130000,6346667
Suzuki,Hustler J Style,2024.0,,Hybrid,8900000,2000,9308333,,6399000,6000000
Suzuki,Hustler Though Wild Highspec,2024.0,,Hybrid,9650000,8327,9650000,,,
Suzuki,Hustler Tough Wild,2024.0,,Hybrid,9375000,0,9682500,,,
Suzuki,Hustler Tough Wild High Spec,2024.0,,Hybrid,10225000,0,10225000,,,
Suzuki,Spacia,2024.0,,Hybrid,9000000,1500,10657143,8575000,7143333,6881666
Suzuki,Spacia Both Side Power Door,2024.0,,Hybrid,8450000,7000,8450000,84500000,,
Suzuki,Spacia COSTOM XT Z,2024.0,,Hybrid,10750000,4523,10750000,,,
Suzuki,Spacia CUSTOM,2024.0,,Hybrid,11400000,11900,10825000,,,
Suzuki,Spacia CUSTOM XS,2024.0,,Hybrid,10600000,73,10812857,,,
Suzuki,Spacia CUSTOM XS B/N,2024.0,,Hybrid,10800000,0,10800000,,,
Suzuki,Spacia Custom,2024.0,,Hybrid,9975000,0,10670417,,7050000,
Suzuki,Spacia Custom XS,2024.0,,Hybrid,10350000,2000,10932000,9525000,,
Suzuki,Spacia Custom XS 4Way,2024.0,,Hybrid,10800000,8000,10800000,,,
Suzuki,Spacia G,2024.0,,Hybrid,8500000,4000,8467500,,,
Suzuki,Spacia GS Custom Safety Pck,2024.0,,Hybrid,10275000,6900,10275000,,,
Suzuki,Spacia SPECIA CUSTOM XS,2024.0,,Hybrid,10800000,250,10800000,,,
Suzuki,Spacia XS,2024.0,,Hybrid,10500000,10000,10987500,,,
Suzuki,Spacia XS CUSTOM,2024.0,,Hybrid,10600000,4000,10766667,,,
Suzuki,Spacia XS Custom,2024.0,,Hybrid,11000000,0,11168125,,,
Suzuki,Spacia XS Custom B/N,2024.0,,Hybrid,10950000,10,10950000,,,
Suzuki,Spacia XS Custom Black Top,2024.0,,Hybrid,10790000,900,10907500,,,
Suzuki,Spacia XS Custom FullOption,2024.0,,Hybrid,11225000,78,11225000,,,
Suzuki,Spacia XS Custom Safety Pck,2024.0,,Hybrid,10925000,15,10925000,,,
Suzuki,Spacia XS Custom alphard G,2024.0,,Hybrid,10290000,15900,10290000,,,
Suzuki,Spacia XS Non,2024.0,,Hybrid,11450000,0,11450000,,,
Suzuki,Spacia Xs Custom,2024.0,,Hybrid,11350000,7200,11122500,,,
Suzuki,Spacia Xs Custom Twotone,2024.0,,Hybrid,11150000,1500,11150000,,,
Suzuki,Spacia custom SX,2024.0,,Hybrid,11150000,1200,11150000,,,
Suzuki,Spacia unregi,2024.0,,Hybrid,8575000,34000,,8575000,,
Suzuki,Swift MZ,2024.0,,Hybrid,12500000,7000,13100000,,,
Suzuki,Swift MZ 1200cc,2024.0,,Hybrid,13750000,300,13750000,,,
Suzuki,Swift Two Tone,2024.0,,Hybrid,13850000,3000,13850000,,,
Suzuki,Wagon R,2024.0,,Hybrid,8950000,11000,9275000,8800000,6750000,6596000
Suzuki,Wagon R CUSTOM Z,2024.0,,Hybrid,10350000,0,10210000,,,
Suzuki,Wagon R Custom Z,2024.0,,Hybrid,10300000,4200,9937000,9250000,,
Suzuki,Wagon R Custom ZT,2024.0,,Hybrid,9585000,2100,9585000,,,
Suzuki,Wagon R Custom ZX Upgrade,2024.0,,Hybrid,10500000,147,10500000,,,
Suzuki,Wagon R Custom-ZT 4wayHeadup,2024.0,,Hybrid,10500000,2000,10500000,,,
Suzuki,Wagon R FX,2024.0,,Hybrid,8850000,5123,8580588,7882500,6797500,6493333
Suzuki,Wagon R FX 4WAY CAMERA HUD,2024.0,,Hybrid,8390000,0,8390000,,,
Suzuki,Wagon R FX 4WAY/HUD/6 AIR,2024.0,,Hybrid,8775000,14000,8775000,,,
Suzuki,Wagon R FX S,2024.0,,Hybrid,8492000,1800,8492000,,,
Suzuki,Wagon R FX Safety,2024.0,,Hybrid,8690000,2000,8595000,,6456000,6467500
Suzuki,Wagon R FX Safety -Hybrid,2024.0,,Hybrid,8750000,11870,8800000,,,
Suzuki,Wagon R FX Safety F/L,2024.0,,Hybrid,8650000,2000,8650000,,,
Suzuki,Wagon R FX safety,2024.0,,Hybrid,8750000,0,8750000,,,
Suzuki,Wagon R Fx Safety,2024.0,,Hybrid,8195000,2000,8195000,,,
Suzuki,Wagon R SMILE S LIMITED,2024.0,,Hybrid,8765000,6800,8765000,,,
Suzuki,Wagon R Smile,2024.0,,Hybrid,8750000,7877,8750000,,,
Suzuki,Wagon R ZX,2024.0,,Hybrid,8800000,5000,9447727,,,
Suzuki,Wagon R ZX Custom,2024.0,,Hybrid,9900000,4000,9539615,,,
Suzuki,Wagon R ZX Custom Upgrade,2024.0,,Hybrid,10250000,3580,10250000,,,
Suzuki,Wagon R ZX Custom Z,2024.0,,Hybrid,10150000,5950,9803333,,,
Suzuki,Wagon R ZX Custom Z (Hybrid),2024.0,,Hybrid,9600000,6000,9600000,,,
Suzuki,Wagon R ZX Customs,2024.0,,Hybrid,9750000,3800,9750000,,,
Suzuki,Wagon R ZX Upgrade PKG,2024.0,,Hybrid,9250000,0,9250000,,,
Suzuki,Wagon R ZX Z Custom BN,2024.0,,Hybrid,10175000,3600,10175000,,,
Suzuki,XBee,2024.0,,Hybrid,9500000,7000,10350000,10800000,,
Suzuki,XBee MZ,2024.0,,Hybrid,11800000,0,11187500,,,
Suzuki,XBee MZ BRAND,2024.0,NEW,Hybrid,11490000,0,11490000,,,
Suzuki,XBee MZ Highest Safety Pc,2024.0,,Hybrid,11875000,3400,11875000,,,
Suzuki,XBee MZ Leather Pkg,2024.0,,Hybrid,11750000,1600,11750000,,,
Suzuki,Alto,2023.0,,Hybrid,7150000,10000,7375000,,,
Suzuki,Alto Japan S,2023.0,,Hybrid,7450000,20000,7450000,7450000,,
Suzuki,Alto Japan Safety,2023.0,,Hybrid,7485000,2700,7485000,,,
Suzuki,Alto Lapin,2023.0,,Hybrid,7950000,8000,7950000,,,
Suzuki,Alto S Grade,2023.0,,Hybrid,7550000,2000,7550000,,,
Suzuki,Alto X Limited,2023.0,,Hybrid,7850000,1000,7850000,,,
Suzuki,Hustler,2023.0,,Hybrid,7750000,8000,8579167,,7130000,6346667
Suzuki,Hustler G,2023.0,,Hybrid,8325000,7500,8666667,,,
Suzuki,Hustler G Grade,2023.0,,Hybrid,8740000,9700,8740000,8750000,,
Suzuki,Hustler J style,2023.0,,Hybrid,9375000,265,9375000,,,
Suzuki,Hustler X Grade,2023.0,,Hybrid,9350000,0,8665000,,,
Suzuki,Spacia,2023.0,,Hybrid,8575000,34000,10657143,8575000,7143333,6881666
Suzuki,Spacia 4WAY SAFETY Unregist,2023.0,,Hybrid,8350000,7000,8350000,,,
Suzuki,Spacia Black Top,2023.0,,Hybrid,11475000,11000,11475000,,,
Suzuki,Spacia Both Side Power Door,2023.0,,Hybrid,84500000,30000,8450000,84500000,,
Suzuki,Spacia CUSTOM,2023.0,,Hybrid,10250000,5000,10825000,,,
Suzuki,Spacia CUSTOM XS,2023.0,,Hybrid,10550000,16800,10812857,,,
Suzuki,Spacia Coustom XG,2023.0,,Hybrid,9650000,28000,,9650000,,
Suzuki,Spacia Custom,2023.0,,Hybrid,10550000,42,10670417,,7050000,
Suzuki,Spacia Custom GS,2023.0,,Hybrid,9750000,11400,9750000,,,
Suzuki,Spacia Custom Gs,2023.0,,Hybrid,9650000,18500,9650000,,,
Suzuki,Spacia Custom XS,2023.0,,Hybrid,10850000,0,10932000,9525000,,
Suzuki,Spacia Custom Xs,2023.0,,Hybrid,10750000,6450,10716667,,,
Suzuki,Spacia Custom Z,2023.0,,Hybrid,10750000,25000,,10750000,,7490000
Suzuki,Spacia Custom z,2023.0,,Hybrid,11500000,12260,11500000,,,
Suzuki,Spacia Custum GS,2023.0,,Hybrid,11500000,0,11500000,,,
Suzuki,Spacia Flair wagon XS,2023.0,,Hybrid,8475000,7500,8475000,,,
Suzuki,Spacia G Grade,2023.0,,Hybrid,9290000,14000,8363333,,,
Suzuki,Spacia GS Grade,2023.0,,Hybrid,9750000,9000,9750000,,,
Suzuki,Spacia Gx,2023.0,,Hybrid,9700000,13000,9700000,,,
Suzuki,Spacia Mazda Flair,2023.0,,Hybrid,8450000,23000,,8450000,,
Suzuki,Spacia Mazda Flair Custom,2023.0,,Hybrid,10490000,8900,10490000,,,
Suzuki,Spacia Safety,2023.0,,Hybrid,7950000,5500,7950000,,,
Suzuki,Spacia Safety Unregi,2023.0,,Hybrid,8300000,8000,8300000,,,
Suzuki,Spacia XS CUSTOM,2023.0,,Hybrid,10875000,10,10766667,,,
Suzuki,Spacia XS PLUS,2023.0,,Hybrid,9100000,14000,9100000,,,
Suzuki,Spacia Xs Custom,2023.0,,Hybrid,10950000,0,11122500,,,
Suzuki,Spacia Xs Plus,2023.0,,Hybrid,9175000,14000,9175000,,,
Suzuki,Spacia mazda wagon,2023.0,,Hybrid,8490000,8750,8490000,,,
Suzuki,Spacia safety,2023.0,,Hybrid,8190000,12000,8323333,,,
Suzuki,Spacia safety editio,2023.0,,Hybrid,8475000,7500,8475000,,,
Suzuki,Swift,2023.0,,Hybrid,13000000,8000,13000000,,8990001,8745000
Suzuki,Swift 0KM MZ,2023.0,,Hybrid,14290000,0,14290000,,,
Suzuki,Swift MZ,2023.0,,Hybrid,13900000,0,13100000,,,
Suzuki,Swift MZ Safety,2023.0,,Hybrid,14100000,15795,14100000,,,
Suzuki,Swift RS,2023.0,,Hybrid,12000000,5000,12000000,,8975000,8975000
Suzuki,Wagon R,2023.0,,Hybrid,9250000,13000,9275000,8800000,6750000,6596000
Suzuki,Wagon R CUSTOM Z,2023.0,,Hybrid,9885000,2000,10210000,,,
Suzuki,Wagon R Custom,2023.0,,Hybrid,9250000,8000,9250000,,,
Suzuki,Wagon R Custom Z,2023.0,,Hybrid,9250000,42000,9937000,9250000,,
Suzuki,Wagon R Custom ZX,2023.0,,Hybrid,9900000,7490,9983333,,,
Suzuki,Wagon R FX,2023.0,,Hybrid,8925000,7465,8580588,7882500,6797500,6493333
Suzuki,Wagon R FX - S,2023.0,,Hybrid,8790000,11400,8832500,,,
Suzuki,Wagon R FX 2025,2023.0,,Hybrid,8190000,2636,8190000,,,
Suzuki,Wagon R FX 4WAY,2023.0,,Hybrid,8150000,7000,8150000,,,
Suzuki,Wagon R FX MAZDA FLEAR,2023.0,,Hybrid,8090000,10750,8090000,,,
Suzuki,Wagon R FX S -,2023.0,,Hybrid,8550000,1670,8550000,,,
Suzuki,Wagon R FX Safety,2023.0,,Hybrid,8275000,9000,8595000,,6456000,6467500
Suzuki,Wagon R FX Safety -Hybrid,2023.0,,Hybrid,8850000,2650,8800000,,,
Suzuki,Wagon R FX Unregister,2023.0,,Hybrid,8150000,9940,8150000,,,
Suzuki,Wagon R FX safety -Hybrid,2023.0,,Hybrid,8750000,2700,8750000,,,
Suzuki,Wagon R FZ Custom Z 4WAY,2023.0,,Hybrid,9250000,20000,9250000,9250000,,
Suzuki,Wagon R SMILE EDITION,2023.0,,Hybrid,8590000,2000,8590000,,,
Suzuki,Wagon R Stingray,2023.0,,Hybrid,9875000,2278,9514286,21779000,7467051,7121053
Suzuki,Wagon R Stingray Brand New,2023.0,,Hybrid,9950000,600,9950000,,,
Suzuki,Wagon R Stingray Costom Z,2023.0,,Hybrid,9950000,4523,9950000,,,
Suzuki,Wagon R ZT Custom,2023.0,,Hybrid,9800000,1600,9800000,,,
Suzuki,Wagon R ZX,2023.0,,Hybrid,9900000,5000,9447727,,,
Suzuki,Wagon R ZX CUSTOM,2023.0,,Hybrid,9790000,900,9790000,,,
Suzuki,Wagon R ZX Custom,2023.0,,Hybrid,9400000,3498,9539615,,,
Suzuki,Wagon R ZX Custom Z,2023.0,,Hybrid,9275000,19803,9803333,,,
Suzuki,Wagon R ZX MAZDA FLEAR,2023.0,,Hybrid,8990000,6500,8990000,,,
Suzuki,Wagon R ZX Upgrade Package,2023.0,,Hybrid,9675000,7000,9675000,,,
Suzuki,Wagon R ZX custom,2023.0,,Hybrid,9675000,6000,9525000,,,
Suzuki,Wagon R fx Safety,2023.0,,Hybrid,7950000,7000,7950000,,,
Suzuki,Wagon r Custom ZX,2023.0,,Hybrid,9500000,3000,9500000,,,
Suzuki,X Bee MZ two tone,2023.0,,Hybrid,11850000,6100,11850000,,,
Suzuki,XBee,2023.0,,Hybrid,12050000,326,10350000,10800000,,
Suzuki,XBee Japan,2023.0,,Hybrid,10590000,49000,,10590000,,
Suzuki,XBee MV,2023.0,,Hybrid,10750000,44966,,10750000,,
Suzuki,XBee MZ 2WD,2023.0,,Hybrid,11790000,5583,11790000,,,
Suzuki,XBee MZ BRAND,2023.0,NEW,Hybrid,10990000,60,11490000,,,
Suzuki,XBee MZ Highest Safety Un,2023.0,,Hybrid,10725000,27000,11295000,10725000,,
Suzuki,Spacia Custom,2022.0,,Hybrid,10400000,13000,10670417,,7050000,
Suzuki,Wagon R FX,2022.0,,Hybrid,8300000,2200,8580588,7882500,6797500,6493333
Suzuki,Wagon R FZ costom z,2022.0,,Hybrid,9550000,2980,9550000,,,
Suzuki,Wagon R Fx,2022.0,,Hybrid,8000000,4500,8000000,,,
Suzuki,Wagon R ZX Custom,2022.0,,Hybrid,9100000,8500,9539615,,,
Suzuki,Wagon R ZX Custom 4Way Camer,2022.0,,Hybrid,9590000,9000,9590000,,,
Suzuki,Wagon R ZX custom,2022.0,,Hybrid,9100000,3700,9525000,,,
Suzuki,Wagon R FZ,2019.0,,Hybrid,7550000,60000,,,7088750,6691667
Suzuki,Wagon R FZ Owner-56000 km,2019.0,,Hybrid,7500000,56000,,,7500000,
Suzuki,Wagon R FZ Premium,2019.0,,Hybrid,6990000,45000,,6990000,7337500,7195000
Suzuki,Wagon R Premium,2019.0,,Hybrid,7300000,35000,,7300000,,
Suzuki,Wagon R Stingray,2019.0,,Hybrid,8300000,16000,9514286,21779000,7467051,7121053
Suzuki,Hustler,2018.0,,Hybrid,7490001,66021,8579167,,7130000,6346667
Suzuki,Spacia,2018.0,,Hybrid,7190000,98500,10657143,8575000,7143333,6881666
Suzuki,Spacia Costom,2018.0,,Hybrid,8850000,110500,,,,8850000
Suzuki,Spacia Custom 4 Way C,2018.0,,Hybrid,8850000,84000,,,8850000,
Suzuki,Spacia Custom XS Black,2018.0,,Hybrid,8875000,48000,,8875000,,
Suzuki,Spacia Custom XS Black Top,2018.0,,Hybrid,8850000,48000,,8850000,,
Suzuki,Spacia Custom XS Safety,2018.0,,Hybrid,8000000,85000,,,8000000,
Suzuki,Spacia Custom Z,2018.0,,Hybrid,7490000,122000,,10750000,,7490000
Suzuki,Spacia Full Option,2018.0,,Hybrid,7450000,84500,,,7450000,
Suzuki,Swift RS,2018.0,,Hybrid,9100000,91000,12000000,,8975000,8975000
Suzuki,Wagon R,2018.0,,Hybrid,7250000,66173,9275000,8800000,6750000,6596000
Suzuki,Wagon R FX,2018.0,,Hybrid,6475000,121000,8580588,7882500,6797500,6493333
Suzuki,Wagon R FX Safety,2018.0,,Hybrid,6185000,160000,8595000,,6456000,6467500
Suzuki,Wagon R FZ,2018.0,,Hybrid,7195000,96684,,,7088750,6691667
Suzuki,Wagon R FZ Premium,2018.0,,Hybrid,7500000,99476,,6990000,7337500,7195000
Suzuki,Wagon R FZ Safety,2018.0,,Hybrid,7200000,120000,,,7312500,6880000
Suzuki,Wagon R FZ premium,2018.0,,Hybrid,6950000,188000,,,7450000,6950000
Suzuki,Wagon R STINGRAY X LIMITED,2018.0,,Hybrid,7950000,54000,,,7950000,
Suzuki,Wagon R Stingray,2018.0,,Hybrid,8300000,64000,9514286,21779000,7467051,7121053
Suzuki,Wagon R Stingray CBC,2018.0,,Hybrid,7875000,103000,,,,7875000
Suzuki,Wagon R Stingray Full Option,2018.0,,Hybrid,7890000,56000,,,7890000,
Suzuki,Wagon R Stingray Safety,2018.0,,Hybrid,7950000,25000,,7950000,8075000,7396667
Suzuki,Wagon R Stingray stin gray,2018.0,,Hybrid,7400000,68000,,,7400000,
Suzuki,Wagon R string gray,2018.0,,Hybrid,7800000,69000,,,7800000,
Suzuki,XBee Safety,2018.0,,Hybrid,9500000,72000,,,9500000,
Suzuki,Hustler,2017.0,,Hybrid,6400000,136000,8579167,,7130000,6346667
Suzuki,Spacia,2017.0,,Hybrid,7500000,111000,10657143,8575000,7143333,6881666
Suzuki,Spacia Excellent,2017.0,,Hybrid,6500000,58000,,,6500000,
Suzuki,Spacia SAFETY,2017.0,,Hybrid,6475000,78000,,,6475000,
Suzuki,Swift,2017.0,,Hybrid,8500000,124500,13000000,,8990001,8745000
Suzuki,Swift RS,2017.0,,Hybrid,8850000,80000,12000000,,8975000,8975000
Suzuki,Swift RS Safety,2017.0,,Hybrid,8700000,82000,,,8745000,
Suzuki,Swift Rs,2017.0,,Hybrid,8600000,96000,,,8600000,8650000
Suzuki,Wagon R,2017.0,,Hybrid,7490000,124999,9275000,8800000,6750000,6596000
Suzuki,Wagon R FX,2017.0,,Hybrid,6390000,92000,8580588,7882500,6797500,6493333
Suzuki,Wagon R FX Safety,2017.0,,Hybrid,6590000,87000,8595000,,6456000,6467500
Suzuki,Wagon R FX Safety Edition,2017.0,,Hybrid,6770000,97500,,,6770000,
Suzuki,Wagon R FX Safety package,2017.0,,Hybrid,6750000,92000,,,6750000,
Suzuki,Wagon R FZ,2017.0,,Hybrid,7290001,78929,,,7088750,6691667
Suzuki,Wagon R FZ -,2017.0,,Hybrid,7000000,185000,,,,7000000
Suzuki,Wagon R FZ Non Safety,2017.0,,Hybrid,7390000,85000,,,7390000,
Suzuki,Wagon R FZ Safety,2017.0,,Hybrid,7375000,52000,,,7312500,6880000
Suzuki,Wagon R FZ premium,2017.0,,Hybrid,7450000,93500,,,7450000,6950000
Suzuki,Wagon R Stingray,2017.0,,Hybrid,7450000,75000,9514286,21779000,7467051,7121053
Suzuki,Wagon R Stingray Costom,2017.0,,Hybrid,7350000,96000,,,7350000,
Suzuki,Wagon R Stingray Fully Loaded,2017.0,,Hybrid,7150000,100198,,,,7150000
Suzuki,Hustler,2016.0,,Hybrid,6390000,122000,8579167,,7130000,6346667
Suzuki,Hustler J Style,2016.0,,Hybrid,6000000,107000,9308333,,6399000,6000000
Suzuki,Hustler Safety,2016.0,,Hybrid,1250000,130124,,,,1250000
Suzuki,Spacia,2016.0,,Hybrid,6450000,89000,10657143,8575000,7143333,6881666
Suzuki,Spacia Custom,2016.0,,Hybrid,7050000,95000,10670417,,7050000,
Suzuki,Wagon R,2016.0,,Hybrid,6200000,182990,9275000,8800000,6750000,6596000
Suzuki,Wagon R FX,2016.0,,Hybrid,6790000,39670,8580588,7882500,6797500,6493333
Suzuki,Wagon R FX Safety,2016.0,,Hybrid,6475000,58500,8595000,,6456000,6467500
Suzuki,Wagon R FZ,2016.0,,Hybrid,6150000,70484,,,7088750,6691667
Suzuki,Wagon R Stingray,2016.0,,Hybrid,6975000,44315,9514286,21779000,7467051,7121053
Suzuki,Wagon R Stingray Safety,2016.0,,Hybrid,6590000,127000,,7950000,8075000,7396667
Suzuki,Hustler,2015.0,,Hybrid,6250000,105000,8579167,,7130000,6346667
Suzuki,Hustler J Style,2015.0,,Hybrid,6399000,83700,9308333,,6399000,6000000
Suzuki,Spacia,2015.0,,Hybrid,6589998,303000,10657143,8575000,7143333,6881666
Suzuki,Wagon R,2015.0,,Hybrid,6050000,180000,9275000,8800000,6750000,6596000
Suzuki,Wagon R FZ MH44S,2015.0,,Hybrid,6230000,72200,,,6230000,
Suzuki,Wagon R FZ SAFETY Exchange,2015.0,,Hybrid,5895000,118000,,,,5895000
Suzuki,Wagon R FZ Safety,2015.0,,Hybrid,6150000,178000,,,7312500,6880000
Suzuki,Wagon R Stingray,2015.0,,Hybrid,6600000,97000,9514286,21779000,7467051,7121053
Suzuki,Wagon R Stingray J Style,2015.0,,Hybrid,6700000,69500,,,6725000,6475000
Suzuki,Wagon R Stingray J style,2015.0,,Hybrid,6690000,91635,,,6690000,
Suzuki,Wagon R Stingray Stringray J Style,2015.0,,Hybrid,6800000,75000,,,6800000,
Suzuki,Wagon R,2014.0,,Hybrid,6250000,116000,9275000,8800000,6750000,6596000
Suzuki,Wagon R FX Safety,2014.0,,Hybrid,5990000,97000,8595000,,6456000,6467500
Suzuki,Wagon R FZ,2014.0,,Hybrid,5890000,113000,,,7088750,6691667
Suzuki,Wagon R Stingray,2014.0,,Hybrid,6190000,128000,9514286,21779000,7467051,7121053
Suzuki,Wagon R Stingray J Style,2014.0,,Hybrid,6750000,54000,,,6725000,6475000
Suzuki,Wagon R Stingray J style,2014.0,,Hybrid,6690000,83153,,,6690000,
Toyota,Alphard EXECUTIVE LOUNGE,2025.0,,Hybrid,72500000,0,72500000,,,
Toyota,Alphard Executive Launge Pre,2025.0,,Hybrid,77450000,50,77450000,,,
Toyota,Alphard Executive Lounge,2025.0,,Hybrid,67500000,275,69928571,,,
Toyota,Alphard Executive lounge,2025.0,,Hybrid,61000000,0,61000000,,,
Toyota,Aqua AquaÂ Z,2025.0,,Hybrid,15200000,10,15200000,,,
Toyota,Axio Corolla G Grade,2025.0,,Hybrid,17250000,0,17250000,,,
Toyota,Axio G Grade Limited,2025.0,,Hybrid,16995000,5000,16995000,,,
Toyota,Axio NKE 165 EX,2025.0,,Hybrid,15800000,0,15800000,,,
Toyota,Corolla Cross BRAND,2025.0,NEW,Hybrid,29875000,250,29875000,,,
Toyota,Corolla Cross Thailand HEV,2025.0,,Hybrid,31700000,0,31700000,,,
Toyota,Corolla Cross Z Grade,2025.0,,Hybrid,31000000,0,31000000,,,
Toyota,Crown ESTATE Z,2025.0,,Hybrid,59990000,0,59990000,,,
Toyota,Crown Sport Z,2025.0,,Hybrid,62500000,0,62500000,,,
Toyota,Harrier Z 2.5L,2025.0,,Hybrid,49000000,0,49000000,,,
Toyota,Harrier Z leather,2025.0,,Hybrid,42000000,10,42000000,,,
Toyota,Hyryder,2025.0,,Hybrid,17500000,0,17500000,,,
Toyota,Prius,2025.0,,Hybrid,24000000,1000,26900000,,12535000,10337727
Toyota,Prius U,2025.0,,Hybrid,24500000,10000,24000000,,,
Toyota,Prius Z,2025.0,,Hybrid,33700000,27,33700000,,,
Toyota,Raize,2025.0,,Hybrid,16050000,290,16147667,14975000,,
Toyota,Raize 1.2,2025.0,,Hybrid,16500000,1000,16000000,,,
Toyota,Raize 1.2 Apple Car,2025.0,,Hybrid,16800000,0,16800000,,,
Toyota,Raize 1.2 Modelista,2025.0,,Hybrid,17300000,0,17300000,,,
Toyota,Raize 1200 cc 4-way,2025.0,,Hybrid,16200000,0,16200000,,,
Toyota,Raize 1200CC 2,2025.0,,Hybrid,16100000,0,16100000,,,
Toyota,Raize 1200CC Z PKG 4WAY,2025.0,,Hybrid,16200000,0,16200000,,,
Toyota,Raize BRAND,2025.0,NEW,Hybrid,16290000,200,16290000,,,
Toyota,Raize Brand,2025.0,New,Hybrid,16550000,0,16550000,,,
Toyota,Raize Modellista,2025.0,,Hybrid,17375000,0,17375000,,,
Toyota,Raize Z,2025.0,,Hybrid,16250000,0,16065556,15000000,,
Toyota,Raize Z - Apple Car,2025.0,,Hybrid,17050000,0,17050000,,,
Toyota,Raize Z - Grade Apple Car,2025.0,,Hybrid,16800000,0,16800000,,,
Toyota,Raize Z 1.2cc,2025.0,,Hybrid,16450000,0,16312500,,,
Toyota,Raize Z 1200CC,2025.0,,Hybrid,16450000,0,16450000,,,
Toyota,Raize Z 1200cc,2025.0,,Hybrid,16250000,0,16250000,,,
Toyota,Raize Z 4Way,2025.0,,Hybrid,16850000,1,16850000,,,
Toyota,Raize Z 4Way Cam,2025.0,,Hybrid,16300000,24,16300000,,,
Toyota,Raize Z 4Way cam,2025.0,,Hybrid,16500000,24,16500000,,,
Toyota,Raize Z Apple Play,2025.0,,Hybrid,16750000,0,16750000,,,
Toyota,Raize Z B/NEW,2025.0,,Hybrid,16500000,0,16500000,,,
Toyota,Raize Z BLACK TOP,2025.0,,Hybrid,16500000,0,16595000,,,
Toyota,Raize Z BRAND,2025.0,NEW,Hybrid,16200000,0,16200000,,,
Toyota,Raize Z Body Kit,2025.0,,Hybrid,16400000,0,16400000,,,
Toyota,Raize Z Fully Loaded,2025.0,,Hybrid,16400000,11,16400000,,,
Toyota,Raize Z Fully load,2025.0,,Hybrid,16300000,0,16300000,,,
Toyota,Raize Z GRADE JAPAN,2025.0,,Hybrid,16990000,10,16720000,15590000,,
Toyota,Raize Z GRDE 1200CC,2025.0,,Hybrid,16675000,1,16675000,,,
Toyota,Raize Z Grade,2025.0,,Hybrid,16700000,0,15751538,15000000,,
Toyota,Raize Z Grade (Black Top),2025.0,,Hybrid,16140000,0,16140000,,,
Toyota,Raize Z Grade 1.2L,2025.0,,Hybrid,16000000,5000,15900000,,,
Toyota,Raize Z Grade 4-Way,2025.0,,Hybrid,16775000,30,16775000,,,
Toyota,Raize Z Highest,2025.0,,Hybrid,16695000,1,16695000,,,
Toyota,Raize Z Hybrid/,2025.0,,Hybrid,15850000,8,15850000,,,
Toyota,Raize Z Premium,2025.0,,Hybrid,16400000,0,16350000,,,
Toyota,Raize Z Red Premium+,2025.0,,Hybrid,16350000,0,16350000,,,
Toyota,Raize Z Safety,2025.0,,Hybrid,16700000,270,16700000,,,
Toyota,Raize Z Safety 4Way,2025.0,,Hybrid,16750000,34,16750000,,,
Toyota,Raize Z Safety Pack,2025.0,,Hybrid,16750000,34,16750000,,,
Toyota,Raize Z- Apple Car,2025.0,,Hybrid,17050000,0,17050000,,,
Toyota,Raize ZRed Premium,2025.0,,Hybrid,16890000,50,16890000,,,
Toyota,Roomy GT Custom,2025.0,,Hybrid,14000000,0,14000000,,,
Toyota,Sienta,2025.0,,Hybrid,18975000,400,18975000,16800000,14500000,12700000
Toyota,UrbanCruiser Hyryder,2025.0,,Hybrid,19500000,0,19500000,,,
Toyota,Vellfire,2025.0,,Hybrid,76000000,0,76000000,,,
Toyota,Vellfire Executive lounge,2025.0,,Hybrid,62000000,10,62000000,,,
Toyota,Voxy,2025.0,,Hybrid,34000000,0,34000000,,18550000,18500000
Toyota,Voxy SZ,2025.0,,Hybrid,35800000,0,35650000,,,
Toyota,Voxy SZ COMFORT PLUS,2025.0,,Hybrid,34250000,20,34250000,,,
Toyota,Voxy SZ Comfort Package,2025.0,,Hybrid,33500000,0,33500000,,,
Toyota,Voxy SZ Grade,2025.0,,Hybrid,32500000,290,32500000,,,
Toyota,Voxy SZ Highest Spec,2025.0,New,Hybrid,35500000,0,35150000,,,
Toyota,Voxy SZ Top Spec!,2025.0,,Hybrid,36000000,0,36000000,,,
Toyota,Voxy Z,2025.0,,Hybrid,32000000,0,32000000,,,
Toyota,Yaris,2025.0,,Hybrid,22500000,0,17250000,,,
Toyota,Yaris ATIV GR Sport HEV,2025.0,,Hybrid,20500000,0,20500000,,,
Toyota,Yaris ATIV pre.1.5L,2025.0,,Hybrid,17700000,0,17700000,,,
Toyota,Yaris Ativ GR Sport,2025.0,,Hybrid,18200000,0,18200000,,,
Toyota,Yaris Ativ Premium,2025.0,,Hybrid,17250000,0,17250000,,,
Toyota,Yaris CROSS PREMIUM LUXARY,2025.0,,Hybrid,20300000,0,20300000,,,
Toyota,Yaris CROSS PREMIUM LUXURY,2025.0,,Hybrid,21990000,0,21990000,,,
Toyota,Yaris CROSS URBANO BLACK P,2025.0,,Hybrid,20350000,0,20350000,,,
Toyota,Yaris CROSS Z,2025.0,,Hybrid,18350000,9,19025000,,,
Toyota,Yaris CROSS Z PACKAGE,2025.0,,Hybrid,20500000,0,20500000,,,
Toyota,Yaris CROSS Z PREMIUM B/N,2025.0,,Hybrid,19000000,0,19000000,,,
Toyota,Yaris Cros Premium Luxury,2025.0,,Hybrid,21950000,0,21950000,,,
Toyota,Yaris Cross,2025.0,,Hybrid,18900000,0,18503636,16870000,,
Toyota,Yaris Cross - Z Grade,2025.0,,Hybrid,20000000,13,20000000,,,
Toyota,Yaris Cross BLACK TOP,2025.0,,Hybrid,22500000,0,22500000,,,
Toyota,Yaris Cross HEV Thailand,2025.0,,Hybrid,20300000,0,20300000,,,
Toyota,Yaris Cross HEV Z Premium,2025.0,,Hybrid,22250000,20,22250000,,,
Toyota,Yaris Cross Hev,2025.0,,Hybrid,22600000,0,22600000,,,
Toyota,Yaris Cross Japan,2025.0,,Hybrid,19800000,0,19137500,16275000,,
Toyota,Yaris Cross Loaded,2025.0,,Hybrid,24800000,40,24800000,,,
Toyota,Yaris Cross Luxury,2025.0,,Hybrid,22000000,0,22450000,,,
Toyota,Yaris Cross Luxury Premium,2025.0,,Hybrid,22000000,0,22000000,,,
Toyota,Yaris Cross Pre. Lux.,2025.0,,Hybrid,22500000,0,22500000,,,
Toyota,Yaris Cross Premium,2025.0,,Hybrid,22500000,0,20700000,,,
Toyota,Yaris Cross Premium Luxury,2025.0,,Hybrid,20500000,0,21765667,,,
Toyota,Yaris Cross Premium Thai,2025.0,,Hybrid,19250000,0,19250000,,,
Toyota,Yaris Cross Premium luxury,2025.0,,Hybrid,20500000,0,20500000,,,
Toyota,Yaris Cross Smart,2025.0,,Hybrid,17950000,0,17950000,,,
Toyota,Yaris Cross Smart Thailand,2025.0,,Hybrid,18000000,0,18000000,,,
Toyota,Yaris Cross Thailand,2025.0,,Hybrid,20300000,0,20225000,,,
Toyota,Yaris Cross Z,2025.0,,Hybrid,17975000,25,17959286,17050000,,
Toyota,Yaris Cross Z Full Spec,2025.0,,Hybrid,19700000,0,19700000,,,
Toyota,Yaris Cross Z Grade,2025.0,,Hybrid,19500000,5,18750000,17166667,,
Toyota,Yaris Cross Z Parking,2025.0,,Hybrid,17795000,30000,,17795000,,
Toyota,Yaris Cross Z Premium,2025.0,,Hybrid,21850000,0,19900000,17500000,,
Toyota,Yaris Cross Z grade,2025.0,,Hybrid,18150000,1500,18150000,,,
Toyota,Yaris Cross/Modelista/BNew,2025.0,,Hybrid,22500000,0,22500000,,,
Toyota,Yaris Crosss Luxury,2025.0,,Hybrid,23000000,0,23000000,,,
Toyota,Yaris Premium,2025.0,,Hybrid,22500000,0,22500000,,,
Toyota,Yaris Premium Luxury,2025.0,,Hybrid,219500000,0,219500000,,,
Toyota,Yaris Z,2025.0,,Hybrid,20000000,100,20000000,,,
Toyota,Yaris x,2025.0,,Hybrid,15200000,0,15200000,,,
Toyota,Alphard Executive Lounge,2024.0,,Hybrid,69500000,0,69928571,,,
Toyota,Aqua G,2024.0,,Hybrid,13400000,10000,13200000,14500000,,8050000
Toyota,Aqua GR Sport,2024.0,,Hybrid,15000000,10000,15300000,,,
Toyota,Aqua X,2024.0,,Hybrid,12700000,10000,12700000,,9800000,9550000
Toyota,Aqua Z,2024.0,,Hybrid,14000000,10000,14000000,,,
Toyota,Axio G Grade,2024.0,,Hybrid,17190000,0,17040000,14420000,12525000,11252500
Toyota,Harrier Z - Leather Package,2024.0,,Hybrid,42500000,5800,42500000,,,
Toyota,Prius,2024.0,,Hybrid,29800000,2100,26900000,,12535000,10337727
Toyota,Prius 2000CC Z Grade,2024.0,,Hybrid,33900000,24500,,33900000,,
Toyota,Raize,2024.0,,Hybrid,16100000,1900,16147667,14975000,,
Toyota,Raize 1.2L Z,2024.0,,Hybrid,15800000,11000,15800000,,,
Toyota,Raize 1200 CC,2024.0,,Hybrid,15950000,3000,15950000,,,
Toyota,Raize 1200CC Z PKG 04WAY,2024.0,,Hybrid,16500000,0,16500000,,,
Toyota,Raize 1200c Z B/New,2024.0,,Hybrid,16500000,320,16500000,,,
Toyota,Raize 1200cc,2024.0,,Hybrid,13500000,13000,13700000,,,
Toyota,Raize 1200cc Z,2024.0,,Hybrid,16850000,125,16850000,,,
Toyota,Raize G Grade 1.2L,2024.0,,Hybrid,15800000,0,15800000,,,
Toyota,Raize RS Modified,2024.0,,Hybrid,16500000,3950,16500000,,,
Toyota,Raize Z,2024.0,,Hybrid,15200000,6500,16065556,15000000,,
Toyota,Raize Z 1.2L,2024.0,,Hybrid,16250000,0,16250000,,,
Toyota,Raize Z 1.2cc,2024.0,,Hybrid,16175000,4500,16312500,,,
Toyota,Raize Z 1200 CC,2024.0,,Hybrid,15500000,1000,15500000,,,
Toyota,Raize Z BLACK TOP,2024.0,,Hybrid,16690000,9000,16595000,,,
Toyota,Raize Z BLACKTOP,2024.0,,Hybrid,15990000,0,15990000,,,
Toyota,Raize Z GRADE 1.2L,2024.0,,Hybrid,16490000,0,16490000,,,
Toyota,Raize Z GRADE JAPAN,2024.0,,Hybrid,16450000,8500,16720000,15590000,,
Toyota,Raize Z Garde,2024.0,,Hybrid,15700000,4000,15700000,,,
Toyota,Raize Z Grade,2024.0,,Hybrid,16150000,5000,15751538,15000000,,
Toyota,Raize Z Grade high,2024.0,,Hybrid,16400000,233,16400000,,,
Toyota,Raize Z Highest Grade,2024.0,,Hybrid,15990000,2050,15990000,,,
Toyota,Raize Z grade,2024.0,,Hybrid,15600000,5000,15600000,,,
Toyota,Raize Z grade 1200c,2024.0,,Hybrid,16900000,233,16900000,,,
Toyota,Raize Z gread Fully load,2024.0,,Hybrid,16900000,25,16900000,,,
Toyota,Taisor V,2024.0,,Hybrid,12500000,0,12500000,,,
Toyota,Vellfire Executive Lounge,2024.0,,Hybrid,69500000,0,72000000,,,
Toyota,Vellfire Z PREMIUM PACKAGE,2024.0,,Hybrid,62500000,0,62500000,,,
Toyota,Voxy NOAH SZ FULLY LORDED,2024.0,,Hybrid,34000000,13000,34000000,,,
Toyota,Voxy SZ Executive PKG,2024.0,,Hybrid,32450000,30,32450000,,,
Toyota,Voxy SZ Highest Spec,2024.0,,Hybrid,34800000,6000,35150000,,,
Toyota,Voxy SZ comfort plus,2024.0,,Hybrid,32500000,0,32500000,,,
Toyota,Yaris,2024.0,,Hybrid,12000000,4000,17250000,,,
Toyota,Yaris CROSS GR SPORT,2024.0,,Hybrid,19000000,3000,19000000,,,
Toyota,Yaris CROSS Z,2024.0,,Hybrid,18875000,6000,19025000,,,
Toyota,Yaris CROSS Z GRADE B/NEW,2024.0,,Hybrid,18700000,0,18700000,,,
Toyota,Yaris CROSS Z PARKING,2024.0,,Hybrid,18490000,6000,18490000,,,
Toyota,Yaris Cros GR Parking,2024.0,,Hybrid,17995000,11000,17995000,,,
Toyota,Yaris Cross,2024.0,,Hybrid,19250000,900,18503636,16870000,,
Toyota,Yaris Cross Adventure,2024.0,,Hybrid,19000000,3000,18416667,,,
Toyota,Yaris Cross GR Sport,2024.0,,Hybrid,18195000,28000,18725000,18195000,,
Toyota,Yaris Cross GR Sport Ltd.,2024.0,,Hybrid,18195000,11000,18195000,,,
Toyota,Yaris Cross Premium Luxury,2024.0,,Hybrid,21700000,6000,21765667,,,
Toyota,Yaris Cross Z,2024.0,,Hybrid,18500000,0,17959286,17050000,,
Toyota,Yaris Cross Z Adventure,2024.0,,Hybrid,17850000,2850,18395000,17995000,,
Toyota,Yaris Cross Z Bodykits,2024.0,,Hybrid,19400000,5000,19400000,,,
Toyota,Yaris Cross Z Grad Blk Top,2024.0,,Hybrid,17950000,14100,17950000,,,
Toyota,Yaris Cross Z Grade,2024.0,,Hybrid,18000000,26000,18750000,17166667,,
Toyota,Yaris Cross Z PREMIUM 360,2024.0,,Hybrid,17900000,4600,17900000,,,
Toyota,Yaris Cross Z Premium,2024.0,,Hybrid,17950000,1000,19900000,17500000,,
Toyota,Yaris Cross/Japan/Modlista,2024.0,,Hybrid,18500000,13000,18500000,,,
Toyota,Yaris cross,2024.0,,Hybrid,20000000,7,20000000,,,
Toyota,Yaris cross z grade,2024.0,,Hybrid,18500000,1500,18500000,,,
Toyota,Aqua GR Sport,2023.0,,Hybrid,15900000,5114,15300000,,,
Toyota,Axio G Grade,2023.0,,Hybrid,16990000,25000,17040000,14420000,12525000,11252500
Toyota,Corolla,2023.0,,Hybrid,25500000,10000,25500000,,,
Toyota,Corolla Cross Z,2023.0,,Hybrid,25000000,10000,25000000,,,
Toyota,Fielder,2023.0,,Hybrid,13700000,10000,13700000,,,
Toyota,Prius U,2023.0,,Hybrid,23500000,15000,24000000,,,
Toyota,Prius X,2023.0,,Hybrid,23000000,15000,23000000,,,
Toyota,Raize 1.2,2023.0,,Hybrid,15500000,10000,16000000,,,
Toyota,Raize 1.2 AppleCar,2023.0,,Hybrid,14550000,40000,,14550000,14550000,
Toyota,Raize 1200cc,2023.0,,Hybrid,13900000,10000,13700000,,,
Toyota,Raize ROCKY Z,2023.0,,Hybrid,14950000,20000,14950000,14950000,,
Toyota,Raize Z Grade,2023.0,,Hybrid,15000000,25000,15751538,15000000,,
Toyota,Sienta,2023.0,,Hybrid,16800000,26000,18975000,16800000,14500000,12700000
Toyota,Yaris CROSS 1.5,2023.0,,Hybrid,17990000,12000,17990000,,,
Toyota,Yaris CROSS Z ADVENTURE,2023.0,,Hybrid,16700000,15000,16700000,,,
Toyota,Yaris CROSS Z GRADE,2023.0,,Hybrid,17850000,19000,17850000,,,
Toyota,Yaris Cross,2023.0,,Hybrid,17800000,5000,18503636,16870000,,
Toyota,Yaris Cross Adventure,2023.0,,Hybrid,17850000,11500,18416667,,,
Toyota,Yaris Cross Adventure G,2023.0,,Hybrid,17990000,11000,17990000,,,
Toyota,Yaris Cross GR Sport,2023.0,,Hybrid,17500000,11870,18725000,18195000,,
Toyota,Yaris Cross GR Sport 4 Way,2023.0,,Hybrid,17800000,11600,17800000,,,
Toyota,Yaris Cross Japan,2023.0,,Hybrid,18475000,6000,19137500,16275000,,
Toyota,Yaris Cross Z,2023.0,,Hybrid,17500000,21000,17959286,17050000,,
Toyota,Yaris Cross Z Adventure,2023.0,,Hybrid,17950000,12000,18395000,17995000,,
Toyota,Yaris Cross Z Grade,2023.0,,Hybrid,16500000,34000,18750000,17166667,,
Toyota,Yaris Cross Z Grade HEV,2023.0,,Hybrid,18000000,8600,18000000,,,
Toyota,Yaris Cross Z Japan,2023.0,,Hybrid,16200000,15000,16200000,,,
Toyota,Yaris Cross Z Premium,2023.0,,Hybrid,17500000,25000,19900000,17500000,,
Toyota,Yaris Cross âZâ Adventure,2023.0,,Hybrid,17950000,16350,17950000,,,
Toyota,Yaris G Grade,2023.0,,Hybrid,11500000,16500,11500000,,,
Toyota,Yaris Trim Edition Cross,2023.0,,Hybrid,17400000,25000,,17400000,,
Toyota,Aqua G,2022.0,,Hybrid,14500000,21000,13200000,14500000,,8050000
Toyota,Aqua G GRADE,2022.0,,Hybrid,14290000,23000,,14290000,,
Toyota,Aqua NewFace,2022.0,,Hybrid,14300000,25000,,14300000,,
Toyota,Axio Ex Edition,2022.0,,Hybrid,15500000,28000,,15500000,,
Toyota,Axio G Grade,2022.0,,Hybrid,16890000,9100,17040000,14420000,12525000,11252500
Toyota,Axio NKE 165,2022.0,,Hybrid,17000000,40000,,17000000,,
Toyota,Corolla AXIO FIELDER,2022.0,,Hybrid,15600000,29000,,15600000,,
Toyota,Raize,2022.0,,Hybrid,14975000,20500,16147667,14975000,,
Toyota,Raize 1200CC,2022.0,,Hybrid,14550000,15000,14550000,,,
Toyota,Raize G Grade Unregister,2022.0,,Hybrid,13900000,28000,,13900000,,
Toyota,Raize Z,2022.0,,Hybrid,15000000,25844,16065556,15000000,,
Toyota,Raize Z Full Option,2022.0,,Hybrid,15550000,19000,15550000,,,
Toyota,Raize Z GRADE,2022.0,,Hybrid,14800000,33400,,14800000,,
Toyota,Raize Z GRADE JAPAN,2022.0,,Hybrid,15590000,21208,16720000,15590000,,
Toyota,Raize Z Grade,2022.0,,Hybrid,14500000,13500,15751538,15000000,,
Toyota,Raize Z Grade Un/Re,2022.0,,Hybrid,14500000,18000,14500000,,,
Toyota,Raize Z Premium 1.2,2022.0,,Hybrid,15250000,10000,15250000,,,
Toyota,Raize Z Unregistere,2022.0,,Hybrid,14950000,54000,,,14950000,
Toyota,Raize z Grade,2022.0,,Hybrid,14700000,25000,,14700000,,
Toyota,Roomy GT Custom 4WAY,2022.0,,Hybrid,12350000,29500,,12350000,,
Toyota,Yaris Cross Japan,2022.0,,Hybrid,16275000,30000,19137500,16275000,,
Toyota,Yaris Cross Z - Grade,2022.0,,Hybrid,16975000,16000,16975000,,,
Toyota,Yaris aqua 1.5,2022.0,,Hybrid,13490000,16500,13490000,,,
Toyota,RAV4 Embassy,2021.0,,Hybrid,32500000,52000,,,32500000,
Toyota,Roomy GT CUSTOM,2020.0,,Hybrid,13900000,0,13900000,,,
Toyota,Axio WXB CBJ,2019.0,,Hybrid,13800000,66000,,,13800000,
Toyota,Aqua Eagle Eye,2018.0,,Hybrid,10975000,60000,,,10975000,
Toyota,Axio,2018.0,,Hybrid,13550000,117000,,,12020000,11277273
Toyota,Axio G Grade,2018.0,,Hybrid,13575000,138000,17040000,14420000,12525000,11252500
Toyota,Axio WXB,2018.0,,Hybrid,14200000,109000,,,13533333,13310000
Toyota,Aqua Eagle Eye-Body Kit,2017.0,,Hybrid,11000000,82000,,,11000000,
Toyota,Aqua Facelift-Eagle Eye,2017.0,,Hybrid,10650000,88000,,,10650000,
Toyota,Axio,2017.0,,Hybrid,13200000,128000,,,12020000,11277273
Toyota,Axio 2018,2017.0,,Hybrid,12600000,72200,,,12600000,
Toyota,Axio G Grade,2017.0,,Hybrid,13200000,84000,17040000,14420000,12525000,11252500
Toyota,Axio WXB,2017.0,,Hybrid,12800000,110000,,,13533333,13310000
Toyota,Axio WXB Anniversary,2017.0,,Hybrid,12800000,105619,,,,12800000
Toyota,Axio WXB FULL OPTION,2017.0,,Hybrid,13690000,105942,,,,13690000
Toyota,Prius 4th Generation,2017.0,,Hybrid,16500000,128000,,,,16500000
Toyota,Alphard Executive Lo,2016.0,,Hybrid,49500000,44000,,49500000,,
Toyota,Aqua Urban 'G' Grade,2016.0,,Hybrid,9550000,133840,,,,9550000
Toyota,Axio,2016.0,,Hybrid,12750000,108000,,,12020000,11277273
Toyota,Axio 165 G Grade,2016.0,,Hybrid,12500000,117000,,,,12500000
Toyota,Axio G,2016.0,,Hybrid,11890000,130000,,,,11321667
Toyota,Axio G 1st,2016.0,,Hybrid,11975000,67000,,,11975000,
Toyota,Axio G Grade,2016.0,,Hybrid,11700000,149000,17040000,14420000,12525000,11252500
Toyota,Axio PUSH START SAFETY,2016.0,,Hybrid,11390000,200000,,,,11390000
Toyota,Axio WXB,2016.0,,Hybrid,13500000,140000,,,13533333,13310000
Toyota,Axio WXB 50th Anniversary,2016.0,,Hybrid,12900000,115000,,,,12900000
Toyota,Axio WXP,2016.0,,Hybrid,13200000,80000,,,13200000,
Toyota,Prius 4th Gen,2016.0,,Hybrid,15600000,85000,,,15600000,
Toyota,Prius Safety Sense,2016.0,,Hybrid,14800000,172000,,,,14800000
Toyota,Prius ZVW 51,2016.0,,Hybrid,15300000,179000,,,,15300000
Toyota,Sienta,2016.0,,Hybrid,14500000,99000,18975000,16800000,14500000,12700000
Toyota,Alphard Advance Premium,2015.0,,Hybrid,18800000,128000,,,,18800000
Toyota,Aqua,2015.0,,Hybrid,8975000,135000,7890000,,8455000,8494714
Toyota,Aqua G Grade,2015.0,,Hybrid,7600000,184000,,8490000,,8199231
Toyota,Aqua G Sport,2015.0,,Hybrid,7250000,91000,,,8262500,
Toyota,Aqua S Class,2015.0,,Hybrid,9000000,30300,,9000000,,
Toyota,Aqua S Grade,2015.0,,Hybrid,9475000,74000,,,9212500,8017500
Toyota,Aqua Urban,2015.0,,Hybrid,8700000,120000,,,,9145000
Toyota,Aqua X,2015.0,,Hybrid,9550000,125300,12700000,,9800000,9550000
Toyota,Aqua X Urban,2015.0,,Hybrid,9350000,119700,,,9541667,9350000
Toyota,Aqua X Urban S Grade,2015.0,,Hybrid,8965000,95000,,,8965000,
Toyota,Aqua X Urban Soft Leather,2015.0,,Hybrid,9475000,155000,,,,9475000
Toyota,Aqua X urban,2015.0,,Hybrid,9825000,76150,,,9825000,
Toyota,Aqua X-Urban Anniversary,2015.0,,Hybrid,9290000,140000,,,,9290000
Toyota,Axio,2015.0,,Hybrid,10400000,126000,,,12020000,11277273
Toyota,Axio G,2015.0,,Hybrid,11000000,190000,,,,11321667
Toyota,Axio G GRADE,2015.0,,Hybrid,11290000,124125,,,,11290000
Toyota,Axio G Grade,2015.0,,Hybrid,11950000,128000,17040000,14420000,12525000,11252500
Toyota,Axio G Grade New Shell,2015.0,,Hybrid,11500000,190000,,,,11500000
Toyota,Axio G grade,2015.0,,Hybrid,10125000,118000,,,,9912500
Toyota,Axio New face,2015.0,,Hybrid,10800000,140000,,,,10800000
Toyota,Axio X Grade,2015.0,,Hybrid,11475000,157000,,,,10612500
Toyota,Axio X Limited,2015.0,,Hybrid,10200000,92000,,,10200000,
Toyota,Esquire,2015.0,,Hybrid,21000000,135000,,,,21000000
Toyota,Esquire 7,2015.0,,Hybrid,22500000,69000,,,22500000,
Toyota,Harrier,2015.0,,Hybrid,23950000,115000,,,19500000,23950000
Toyota,Harrier Fully loaded,2015.0,,Hybrid,22000000,108000,,,,22000000
Toyota,Harrier Leather Package,2015.0,,Hybrid,23150000,115000,,,,23175000
Toyota,Sienta,2015.0,,Hybrid,12700000,113062,18975000,16800000,14500000,12700000
Toyota,Aqua,2014.0,,Hybrid,8000000,160000,7890000,,8455000,8494714
Toyota,Aqua G - Grade,2014.0,,Hybrid,8975000,69000,,,8975000,
Toyota,Aqua G Grade,2014.0,,Hybrid,7600000,125000,,8490000,,8199231
Toyota,Aqua G Sport,2014.0,,Hybrid,9275000,94000,,,8262500,
Toyota,Aqua GS,2014.0,,Hybrid,9275000,81000,,,9275000,
Toyota,Aqua S Grade,2014.0,,Hybrid,8950000,60200,,,9212500,8017500
Toyota,Aqua S Limited,2014.0,,Hybrid,8270000,101000,,,,7973750
Toyota,Axio,2014.0,,Hybrid,10300000,110000,,,12020000,11277273
Toyota,Axio Fielder G,2014.0,,Hybrid,9525000,125600,,,,9525000
Toyota,Axio G Grade,2014.0,,Hybrid,10250000,117000,17040000,14420000,12525000,11252500
Toyota,Axio G Grade 161,2014.0,,Hybrid,9750000,150000,,,,9750000
Toyota,Axio G grade,2014.0,,Hybrid,9700000,190000,,,,9912500
Toyota,Axio Grade,2014.0,,Hybrid,11200000,71000,,,11200000,
Toyota,Axio X,2014.0,,Hybrid,9850000,100000,,,9850000,9850000
Toyota,Axio X Grade,2014.0,,Hybrid,9750000,174000,,,,10612500
Toyota,Crown Athlete S,2014.0,,Hybrid,29500000,161000,,,,29500000
Toyota,Harrier,2014.0,,Hybrid,19500000,95000,,,19500000,23950000
Toyota,Harrier Advance Premium,2014.0,,Hybrid,21400000,104000,,,,21400000
Toyota,Prius,2014.0,,Hybrid,12100000,157800,26900000,,12535000,10337727
Toyota,Prius 3rd Gen,2014.0,,Hybrid,12500000,105000,,,,10966667
Toyota,Prius 3rd Generation,2014.0,,Hybrid,11600000,167000,12250000,,,10300000
Toyota,Prius S,2014.0,,Hybrid,11650000,202400,,,,10725000
Toyota,Prius S Grade,2014.0,,Hybrid,11650000,89000,,,11650000,10650000
Toyota,Prius ZW30,2014.0,,Hybrid,13000000,245000,,,,13000000
Toyota,Voxy,2014.0,,Hybrid,18500000,139000,34000000,,18550000,18500000
Toyota,Aqua,2013.0,,Hybrid,9300000,109000,7890000,,8455000,8494714
Toyota,Aqua G,2013.0,,Hybrid,8150000,147000,13200000,14500000,,8050000
Toyota,Aqua G - Limited,2013.0,,Hybrid,8000000,149000,,,,8000000
Toyota,Aqua G Grade,2013.0,,Hybrid,8200000,160000,,8490000,,8199231
Toyota,Aqua G Limited,2013.0,,Hybrid,8475000,114000,,,,8212500
Toyota,Aqua G grade,2013.0,,Hybrid,7850000,110000,,,,7850000
Toyota,Aqua Limited Edition,2013.0,,Hybrid,7800000,130000,,,,7800000
Toyota,Aqua S Grade,2013.0,,Hybrid,8050000,160000,,,9212500,8017500
Toyota,Aqua S Limited,2013.0,,Hybrid,8150000,126000,,,,7973750
Toyota,Aqua S limited,2013.0,,Hybrid,8400000,101000,,,,8400000
Toyota,Aqua s grad,2013.0,,Hybrid,7700000,130000,,,,7700000
Toyota,Axio,2013.0,,Hybrid,9400000,144000,,,12020000,11277273
Toyota,Camry 60th Anniversary,2013.0,,Hybrid,16250000,157000,,,,16250000
Toyota,Prius,2013.0,,Hybrid,12195000,87867,26900000,,12535000,10337727
Toyota,Prius G Sport,2013.0,,Hybrid,12700000,251200,,,,12700000
Toyota,Prius S Gen 3,2013.0,,Hybrid,14000000,141026,,,,14000000
Toyota,Prius S Grade,2013.0,,Hybrid,11650000,152000,,,11650000,10650000
Toyota,Prius S Touring,2013.0,,Hybrid,12675000,132000,,,11500000,12675000
Toyota,Aqua,2012.0,,Hybrid,7175000,75000,7890000,,8455000,8494714
Toyota,Aqua G,2012.0,,Hybrid,7950000,117000,13200000,14500000,,8050000
Toyota,Aqua G Grade,2012.0,,Hybrid,6950000,119000,,8490000,,8199231
Toyota,Aqua G Limited,2012.0,,Hybrid,7950000,141000,,,,8212500
Toyota,Aqua S,2012.0,,Hybrid,7675000,140000,,,,7675000
Toyota,Aqua S Grade,2012.0,,Hybrid,7490000,172800,,,9212500,8017500
Toyota,Aqua S Grade 2014,2012.0,,Hybrid,7875000,127858,,,,7875000
Toyota,Aqua S Limited,2012.0,,Hybrid,7875000,130000,,,,7973750
Toyota,Camry AV50 NEW BODY,2012.0,,Hybrid,11950000,121000,,,,11950000
Toyota,Prius,2012.0,,Hybrid,11000000,136000,26900000,,12535000,10337727
Toyota,Prius 3RD GENERATION,2012.0,,Hybrid,11290000,83000,,,11290000,
Toyota,Prius 3rd Generation,2012.0,,Hybrid,12250000,202,12250000,,,10300000
Toyota,Prius S LED,2012.0,,Hybrid,10950000,168000,,,,10950000
Toyota,Prius S Touring,2012.0,,Hybrid,11500000,68768,,,11500000,12675000
Toyota,Prius s touring,2012.0,,Hybrid,11400000,225000,,,,11400000
Toyota,Prius,2011.0,,Hybrid,9975000,178000,26900000,,12535000,10337727
Toyota,Prius 2nd Generation,2011.0,,Hybrid,7550000,173000,,,,7275000
Toyota,Prius 3rd Gen,2011.0,,Hybrid,9900000,170000,,,,10966667
Toyota,Prius 3rd Gen S Touring,2011.0,,Hybrid,11000000,210000,,,,11000000
Toyota,Prius 3rd Generation,2011.0,,Hybrid,9950000,215000,12250000,,,10300000
Toyota,Prius S,2011.0,,Hybrid,9800000,189000,,,,10725000
Toyota,Prius S Grade,2011.0,,Hybrid,9650000,140000,,,11650000,10650000
Toyota,Prius S Limited,2011.0,,Hybrid,10350000,126000,,,,10350000
Toyota,Prius S TOURING LIMITED,2011.0,,Hybrid,10250000,119000,,,,10250000
Toyota,Prius 3rd Generation,2010.0,,Hybrid,9350000,170000,12250000,,,10300000
Toyota,Prius,2009.0,,Hybrid,9700000,223106,26900000,,12535000,10337727
Toyota,Prius 3rd Gen,2009.0,,Hybrid,10500000,240000,,,,10966667
Toyota,Prius S tour,2009.0,,Hybrid,9500000,266300,,,,9500000
Toyota,Crown,2008.0,,Hybrid,15500000,98000,,,15500000,
Toyota,Prius,2008.0,,Hybrid,7890000,162337,26900000,,12535000,10337727
Toyota,Prius 2nd Gen Anniversary,2008.0,,Hybrid,7300000,200000,,,,7300000
Toyota,Prius 2nd Generation,2008.0,,Hybrid,7000000,184000,,,,7275000
